<?xml version="1.0" encoding="UTF-8"?>
<!DOCTYPE Application PUBLIC "sailpoint.dtd" "sailpoint.dtd">
<Application connector="sailpoint.connector.webservices.WebServicesConnector" featuresString="PROVISIONING, PASSWORD, ACCOUNT_ONLY_REQUEST" name="JIRA" profileClass="" type="Web Services">
  <AccountCorrelationConfig>
    <Reference class="sailpoint.object.CorrelationConfig" name="JIRA"/>
  </AccountCorrelationConfig>
  <Attributes>
    <Map>
      <entry key="acctAggregationEnd">
        <value>
          <Date>1516898866545</Date>
        </value>
      </entry>
      <entry key="acctAggregationStart">
        <value>
          <Date>1516898865669</Date>
        </value>
      </entry>
      <entry key="afterProvisioningRule"/>
      <entry key="authenticationMethod" value="BasicLogin"/>
      <entry key="beforeProvisioningRule"/>
      <entry key="compositeDefinition"/>
      <entry key="connectionParameters">
        <value>
          <List>
            <Map>
              <entry key="afterRule"/>
              <entry key="beforeRule"/>
              <entry key="body">
                <value>
                  <Map>
                    <entry key="bodyFormData"/>
                    <entry key="bodyFormat" value="raw"/>
                    <entry key="jsonBody"/>
                  </Map>
                </value>
              </entry>
              <entry key="contextUrl" value="/myself"/>
              <entry key="header">
                <value>
                  <Map>
                    <entry key="Content-Type" value="application/json"/>
                  </Map>
                </value>
              </entry>
              <entry key="httpMethodType" value="GET"/>
              <entry key="operationType" value="Test Connection"/>
              <entry key="resMappingObj"/>
              <entry key="responseCode">
                <value>
                  <List>
                    <String>200</String>
                  </List>
                </value>
              </entry>
              <entry key="rootPath"/>
              <entry key="sequenceNumberForEndpoint" value="1"/>
              <entry key="uniqueNameForEndPoint" value="TestConnection"/>
            </Map>
            <Map>
              <entry key="afterRule"/>
              <entry key="beforeRule"/>
              <entry key="body">
                <value>
                  <Map>
                    <entry key="bodyFormData"/>
                    <entry key="bodyFormat" value="raw"/>
                    <entry key="jsonBody"/>
                  </Map>
                </value>
              </entry>
              <entry key="contextUrl" value="/user/search?username=.&amp;includeInactive=true"/>
              <entry key="header">
                <value>
                  <Map>
                    <entry key="Content-Type" value="application/json"/>
                  </Map>
                </value>
              </entry>
              <entry key="httpMethodType" value="GET"/>
              <entry key="operationType" value="Account Aggregation"/>
              <entry key="resMappingObj">
                <value>
                  <Map>
                    <entry key="active" value="active"/>
                    <entry key="displayName" value="displayName"/>
                    <entry key="emailAddress" value="emailAddress"/>
                    <entry key="key" value="key"/>
                    <entry key="locale" value="locale"/>
                    <entry key="name" value="name"/>
                    <entry key="timeZone" value="timeZone"/>
                  </Map>
                </value>
              </entry>
              <entry key="rootPath"/>
              <entry key="sequenceNumberForEndpoint" value="2"/>
              <entry key="uniqueNameForEndPoint" value="AccountAggregation"/>
            </Map>
            <Map>
              <entry key="afterRule"/>
              <entry key="beforeRule"/>
              <entry key="body">
                <value>
                  <Map>
                    <entry key="bodyFormData"/>
                    <entry key="bodyFormat" value="raw"/>
                    <entry key="jsonBody"/>
                  </Map>
                </value>
              </entry>
              <entry key="contextUrl" value="/user?username=$response.name$&amp;expand=groups"/>
              <entry key="header">
                <value>
                  <Map>
                    <entry key="Content-Type" value="application/json"/>
                  </Map>
                </value>
              </entry>
              <entry key="httpMethodType" value="GET"/>
              <entry key="operationType" value="Account Aggregation"/>
              <entry key="resMappingObj">
                <value>
                  <Map>
                    <entry key="groups" value="groups.items[*].name"/>
                  </Map>
                </value>
              </entry>
              <entry key="responseCode">
                <value>
                  <List>
                    <String>200</String>
                  </List>
                </value>
              </entry>
              <entry key="rootPath"/>
              <entry key="sequenceNumberForEndpoint" value="3"/>
              <entry key="uniqueNameForEndPoint" value="AccountAggregationUserGroups"/>
            </Map>
            <Map>
              <entry key="afterRule"/>
              <entry key="beforeRule"/>
              <entry key="body">
                <value>
                  <Map>
                    <entry key="bodyFormData"/>
                    <entry key="bodyFormat" value="raw"/>
                    <entry key="jsonBody"/>
                  </Map>
                </value>
              </entry>
              <entry key="contextUrl" value="/groups/picker"/>
              <entry key="header">
                <value>
                  <Map>
                    <entry key="Content-Type" value="application/json"/>
                  </Map>
                </value>
              </entry>
              <entry key="httpMethodType" value="GET"/>
              <entry key="operationType" value="Group Aggregation"/>
              <entry key="resMappingObj">
                <value>
                  <Map>
                    <entry key="html" value="html"/>
                    <entry key="labels" value="labels"/>
                    <entry key="name" value="name"/>
                  </Map>
                </value>
              </entry>
              <entry key="responseCode">
                <value>
                  <List>
                    <String>200</String>
                  </List>
                </value>
              </entry>
              <entry key="rootPath" value="$.groups"/>
              <entry key="sequenceNumberForEndpoint" value="4"/>
              <entry key="uniqueNameForEndPoint" value="GroupAggregation"/>
            </Map>
            <Map>
              <entry key="afterRule"/>
              <entry key="beforeRule"/>
              <entry key="body">
                <value>
                  <Map>
                    <entry key="bodyFormData"/>
                    <entry key="bodyFormat" value="raw"/>
                    <entry key="jsonBody"/>
                  </Map>
                </value>
              </entry>
              <entry key="contextUrl" value="/user?username=$getObject.nativeIdentity$&amp;expand=groups"/>
              <entry key="header">
                <value>
                  <Map>
                    <entry key="Content-Type" value="application/json"/>
                  </Map>
                </value>
              </entry>
              <entry key="httpMethodType" value="GET"/>
              <entry key="operationType" value="Get Object"/>
              <entry key="resMappingObj">
                <value>
                  <Map>
                    <entry key="active" value="active"/>
                    <entry key="displayName" value="displayName"/>
                    <entry key="emailAddress" value="emailAddress"/>
                    <entry key="groups" value="groups.items[*].name"/>
                    <entry key="key" value="key"/>
                    <entry key="locale" value="locale"/>
                    <entry key="name" value="name"/>
                    <entry key="timeZone" value="timeZone"/>
                  </Map>
                </value>
              </entry>
              <entry key="responseCode">
                <value>
                  <List>
                    <String>200</String>
                  </List>
                </value>
              </entry>
              <entry key="rootPath"/>
              <entry key="sequenceNumberForEndpoint" value="5"/>
              <entry key="uniqueNameForEndPoint" value="GetObject"/>
            </Map>
            <Map>
              <entry key="afterRule"/>
              <entry key="beforeRule"/>
              <entry key="body">
                <value>
                  <Map>
                    <entry key="bodyFormData"/>
                    <entry key="bodyFormat" value="raw"/>
                    <entry key="jsonBody" value="{&#10;  &quot;key&quot;: &quot;$plan.key$&quot;,&#10;  &quot;name&quot;: &quot;$plan.nativeIdentity$&quot;,&#10;  &quot;password&quot;: &quot;$plan.password$&quot;,&#10;  &quot;emailAddress&quot;: &quot;$plan.emailAddress$&quot;,&#10;  &quot;displayName&quot;: &quot;$plan.displayName$&quot;&#10;}"/>
                  </Map>
                </value>
              </entry>
              <entry key="contextUrl" value="/user"/>
              <entry key="header">
                <value>
                  <Map>
                    <entry key="Content-Type" value="application/json"/>
                  </Map>
                </value>
              </entry>
              <entry key="httpMethodType" value="POST"/>
              <entry key="operationType" value="Create Account"/>
              <entry key="resMappingObj">
                <value>
                  <Map>
                    <entry key="displayName" value="displayName"/>
                    <entry key="emailAddress" value="emailAddress"/>
                    <entry key="key" value="key"/>
                    <entry key="name" value="name"/>
                  </Map>
                </value>
              </entry>
              <entry key="responseCode">
                <value>
                  <List>
                    <String>201</String>
                  </List>
                </value>
              </entry>
              <entry key="rootPath"/>
              <entry key="sequenceNumberForEndpoint" value="6"/>
              <entry key="uniqueNameForEndPoint" value="CreateAccount"/>
            </Map>
            <Map>
              <entry key="afterRule"/>
              <entry key="beforeRule"/>
              <entry key="body">
                <value>
                  <Map>
                    <entry key="bodyFormData"/>
                    <entry key="bodyFormat" value="raw"/>
                    <entry key="jsonBody" value="{&#10;  &quot;name&quot;:&quot;$plan.nativeIdentity$&quot;&#10;}"/>
                  </Map>
                </value>
              </entry>
              <entry key="contextUrl" value="/group/user?groupname=$plan.groups$"/>
              <entry key="header">
                <value>
                  <Map>
                    <entry key="Content-Type" value="application/json"/>
                  </Map>
                </value>
              </entry>
              <entry key="httpMethodType" value="POST"/>
              <entry key="operationType" value="Add Entitlement"/>
              <entry key="resMappingObj"/>
              <entry key="responseCode">
                <value>
                  <List>
                    <String>201</String>
                  </List>
                </value>
              </entry>
              <entry key="rootPath"/>
              <entry key="sequenceNumberForEndpoint" value="7"/>
              <entry key="uniqueNameForEndPoint" value="AddEntitlement"/>
            </Map>
            <Map>
              <entry key="afterRule"/>
              <entry key="beforeRule"/>
              <entry key="body">
                <value>
                  <Map>
                    <entry key="bodyFormData"/>
                    <entry key="bodyFormat" value="raw"/>
                    <entry key="jsonBody"/>
                  </Map>
                </value>
              </entry>
              <entry key="contextUrl" value="/group/user?groupname=$plan.groups$&amp;username=$plan.nativeIdentity$"/>
              <entry key="header">
                <value>
                  <Map>
                    <entry key="Content-Type" value="application/json"/>
                  </Map>
                </value>
              </entry>
              <entry key="httpMethodType" value="DELETE"/>
              <entry key="operationType" value="Remove Entitlement"/>
              <entry key="resMappingObj"/>
              <entry key="responseCode">
                <value>
                  <List>
                    <String>200</String>
                  </List>
                </value>
              </entry>
              <entry key="rootPath"/>
              <entry key="sequenceNumberForEndpoint" value="8"/>
              <entry key="uniqueNameForEndPoint" value="RemoveEntitlement"/>
            </Map>
            <Map>
              <entry key="afterRule"/>
              <entry key="beforeRule"/>
              <entry key="body">
                <value>
                  <Map>
                    <entry key="bodyFormData"/>
                    <entry key="bodyFormat" value="raw"/>
                    <entry key="jsonBody"/>
                  </Map>
                </value>
              </entry>
              <entry key="contextUrl" value="/user?username=$plan.nativeIdentity$"/>
              <entry key="header">
                <value>
                  <Map>
                    <entry key="Content-Type" value="application/json"/>
                  </Map>
                </value>
              </entry>
              <entry key="httpMethodType" value="DELETE"/>
              <entry key="operationType" value="Delete Account"/>
              <entry key="resMappingObj"/>
              <entry key="responseCode">
                <value>
                  <List>
                    <String>204</String>
                  </List>
                </value>
              </entry>
              <entry key="rootPath"/>
              <entry key="sequenceNumberForEndpoint" value="9"/>
              <entry key="uniqueNameForEndPoint" value="DeleteAccount"/>
            </Map>
          </List>
        </value>
      </entry>
      <entry key="enableStatus" value="active=true"/>
      <entry key="genericWebServiceBaseUrl" value="http://services-useast.skytap.com:17934/rest/api/2"/>
      <entry key="hipaa">
        <value>
          <Boolean/>
        </value>
      </entry>
      <entry key="managerApproval">
        <value>
          <Boolean/>
        </value>
      </entry>
      <entry key="nativeChangeDetectionAttributeScope" value="entitlements"/>
      <entry key="nativeChangeDetectionAttributes"/>
      <entry key="nativeChangeDetectionEnabled">
        <value>
          <Boolean/>
        </value>
      </entry>
      <entry key="nativeChangeDetectionOperations"/>
      <entry key="nerc">
        <value>
          <Boolean/>
        </value>
      </entry>
      <entry key="ownerApproval">
        <value>
          <Boolean/>
        </value>
      </entry>
      <entry key="password" value="1:PRYxEtkZL2NkjofXmBp2/A=="/>
      <entry key="securityApproval">
        <value>
          <Boolean/>
        </value>
      </entry>
      <entry key="sox">
        <value>
          <Boolean/>
        </value>
      </entry>
      <entry key="sysDescriptions">
        <value>
          <Map>
            <entry key="en_US"/>
          </Map>
        </value>
      </entry>
      <entry key="templateApplication" value="Web Services"/>
      <entry key="timeoutInSeconds"/>
      <entry key="username" value="Marc"/>
    </Map>
  </Attributes>
  <Owner>
    <Reference class="sailpoint.object.Identity" name="spadmin"/>
  </Owner>
  <ProvisioningForms>
    <Form name="createAccount" objectType="account" type="Create">
      <Attributes>
        <Map>
          <entry key="pageTitle" value="createAccount"/>
        </Map>
      </Attributes>
      <Section name="Section 1">
        <Field name="key" required="true" type="string">
          <Script>
            <Source><![CDATA[return identity.getName();]]></Source>
          </Script>
        </Field>
        <Field name="name" required="true" type="string">
          <Script>
            <Source><![CDATA[return identity.getName();]]></Source>
          </Script>
        </Field>
        <Field name="displayName" required="true" type="string">
          <Script>
            <Source><![CDATA[return identity.getDisplayName();]]></Source>
          </Script>
        </Field>
        <Field name="emailAddress" required="true" type="string">
          <Script>
            <Source><![CDATA[return identity.getEmail();]]></Source>
          </Script>
        </Field>
        <Field name="password" required="true" type="string" value="1qaz!QAZ"/>
      </Section>
    </Form>
  </ProvisioningForms>
  <Schemas>
    <Schema displayAttribute="name" groupAttribute="" identityAttribute="name" instanceAttribute="" nativeObjectType="user" objectType="account">
      <AttributeDefinition name="key" type="string">
        <Description/>
      </AttributeDefinition>
      <AttributeDefinition name="name" type="string">
        <Description/>
      </AttributeDefinition>
      <AttributeDefinition name="emailAddress" type="string">
        <Description/>
      </AttributeDefinition>
      <AttributeDefinition name="displayName" type="string">
        <Description/>
      </AttributeDefinition>
      <AttributeDefinition name="active" type="string">
        <Description/>
      </AttributeDefinition>
      <AttributeDefinition name="timeZone" type="string">
        <Description/>
      </AttributeDefinition>
      <AttributeDefinition name="locale" type="string">
        <Description/>
      </AttributeDefinition>
      <AttributeDefinition entitlement="true" multi="true" name="groups" schemaObjectType="group" type="string">
        <Description/>
      </AttributeDefinition>
    </Schema>
    <Schema displayAttribute="name" identityAttribute="name" instanceAttribute="" nativeObjectType="group" objectType="group">
      <AttributeDefinition name="name" type="string">
        <Description/>
      </AttributeDefinition>
      <AttributeDefinition name="html" type="string">
        <Description/>
      </AttributeDefinition>
      <AttributeDefinition multi="true" name="labels" type="string">
        <Description/>
      </AttributeDefinition>
    </Schema>
  </Schemas>
  <ApplicationScorecard/>
</Application>
