<?xml version="1.0" encoding="UTF-8"?>
<!DOCTYPE TaskDefinition PUBLIC "sailpoint.dtd" "sailpoint.dtd">
<TaskDefinition formPath="/monitor/tasks/accountGroupAggregationTask.xhtml" name="JIRAGroups" resultAction="Delete" subType="task_item_type_acct_grp_aggregation" type="AccountGroupAggregation">
  <Attributes>
    <Map>
      <entry key="TaskDefinition.runLengthAverage" value="1"/>
      <entry key="TaskDefinition.runLengthTotal" value="2"/>
      <entry key="TaskDefinition.runs" value="2"/>
      <entry key="TaskSchedule.host"/>
      <entry key="aggregationType" value="group"/>
      <entry key="applications" value="JIRA"/>
      <entry key="checkDeleted" value="true"/>
      <entry key="deltaAggregation" value="false"/>
      <entry key="descriptionAttribute" value="labels"/>
      <entry key="descriptionLocale" value="en_US"/>
      <entry key="groupSchema"/>
      <entry key="taskCompletionEmailNotify" value="Disabled"/>
      <entry key="taskCompletionEmailRecipients"/>
      <entry key="taskCompletionEmailTemplate"/>
    </Map>
  </Attributes>
  <Description>Task template for application group scanning.</Description>
  <Owner>
    <Reference class="sailpoint.object.Identity" name="spadmin"/>
  </Owner>
  <Parent>
    <Reference class="sailpoint.object.TaskDefinition" name="Account Group Aggregation"/>
  </Parent>
</TaskDefinition>
