System_name,Account_ID,Employee_NO,Lenel_ID,Email_Address,AD_Account,Creation_Date,Last_Signon,Last_Password_Change,Status,Role_Code,CCM Access,Staff Access
S4423552,ABSACCM,9999999, , , ,2005-04-14,2020-04-15,2020-04-15,ACTIVE, , , 
S4423552,ABTEST,9999999, , , ,2020-04-15,2020-04-15,2020-04-15,ACTIVE, , , 
S4423552,ABUITENDAG,9999999, , , ,2017-12-12,2020-04-15,2020-04-16,ACTIVE, , , 
S4423552,ABUITENDA2,9999999, , , ,2018-07-12,2019-09-01,2020-04-15,INACTIVE, , , 
S4423552,AFB1,0006755, , , ,2014-10-03,2020-04-07,2020-04-07,ACTIVE,EQNGRPFIN,P,P
S4423552,AFB2,0023026, , , ,2018-08-08,2020-04-09,2020-04-09,ACTIVE,ICIBFCBKN, , 
S4423552,AFB7,0012141, , , ,2015-02-06,2020-04-03,2020-04-03,ACTIVE,PBTRANSMON, , 
S4423552,AFB8,0017243, , , ,2015-02-20,2020-04-15,2020-04-15,ACTIVE,ICIBIO,E, 
S4423552,AFC3,0021437, , , ,2019-05-21,2020-04-15,2020-04-15,ACTIVE,PBFINADOM,E,E
S4423552,AFC4,0019546, , , ,2019-05-21,2020-01-14,2020-02-14,INACTIVE,PBFINADOM, , 
S4423552,AFC6,0023737, , , ,2018-10-22,2020-04-15,2020-04-15,ACTIVE,WIRCHEAD, , 
S4423552,AFC7,0017818, , , ,2015-05-06,2020-04-01,2020-04-01,ACTIVE,EQNGRPFIN, , 
S4423552,AFD3,0028567, , , ,2019-03-08,2019-09-05,2020-02-04,INACTIVE,ICIBFCENQ, , 
S4423552,AFD4,0013443, , , ,2015-09-29,2020-04-09,2020-04-09,ACTIVE,ICIBEX,E, 
S4423552,AFF1,0019626, , , ,2017-12-19,2020-04-15,2020-04-15,ACTIVE,ICIBEX, , 
S4423552,AFF4,0027715, , , ,2019-02-26,2020-01-08,2020-02-08,INACTIVE,ICIENQ, , 
S4423552,AFF5,0019488, , , ,2016-07-14,2020-04-01,2020-04-01,ACTIVE,PBFINACC, , 
S4423552,AFG2,0019216, , , ,2016-10-18,2020-04-15,2020-04-15,ACTIVE,PBQDISPUTE,P,P
S4423552,AFK3,0022224, , , ,2017-06-13,2020-04-15,2020-04-15,ACTIVE,ICICCMBO, , 
S4423552,AFK6,0022457, , , ,2017-08-17,2020-04-15,2020-04-15,ACTIVE,ICIBEX, , 
S4423552,AFL2,0020247, , , ,2017-09-13,2020-04-01,2020-04-01,ACTIVE,PBFINACC, , 
S4423552,AFM1,0026313, , , ,2018-10-01,2020-03-26,2020-03-31,ACTIVE,PBBTT, , 
S4423552,AFM2,0019510, , , ,2017-10-27,2020-04-14,2020-04-14,ACTIVE,ICIBFCENQ, , 
S4423552,AFN4,0020120, , , ,2018-04-09,2020-04-15,2020-04-15,ACTIVE,PBBTT, , 
S4423552,AFN5,0021747, , , ,2018-04-16,2020-04-15,2020-04-15,ACTIVE,ICIBFCENQ,E, 
S4423552,AFP4,0019495, , , ,2019-02-21,2020-04-15,2020-04-15,ACTIVE,PBTRANSMON,E, 
S4423552,AF06,0000251, , , ,1989-05-08,2020-04-15,2020-04-15,ACTIVE,ICIBFCBKN, , 
S4423552,AF10,0024136, , , ,2019-01-02,2020-04-15,2020-04-15,ACTIVE,ICIBFCENQ, , 
S4423552,AF11,0015288, , , ,2018-03-02,2020-04-08,2020-04-08,ACTIVE,PBBTT, , 
S4423552,AF13,0015637, , , ,2009-12-15,2020-04-10,2020-04-09,ACTIVE,PBFINACC, , 
S4423552,AF14,0023464, , , ,2018-02-15,2020-04-15,2020-04-15,ACTIVE,ICIBZM, , 
S4423552,AF15,0023725, , , ,2018-05-31,2020-04-15,2020-04-15,ACTIVE,ICIBFCENQ, , 
S4423552,AF18,0013442, , , ,2009-01-23,2020-04-15,2020-04-15,ACTIVE,ICIBIO,E, 
S4423552,AF24,0015055, , , ,2018-02-15,2020-04-01,2020-04-01,ACTIVE,SSSCHEQN, , 
S4423552,AF27,0001639, , , ,1990-10-01,2020-04-15,2020-04-15,ACTIVE,ICIBZL,P, 
S4423552,AF28,0010963, , , ,2005-08-01,2020-04-15,2020-04-15,ACTIVE,ICIBZM,P, 
S4423552,AF29,0024371, , , ,2018-09-14,2020-04-15,2020-04-15,ACTIVE,ICIBFCENQ, , 
S4423552,AF36,0017977, , , ,2012-08-21,2020-04-15,2020-04-15,ACTIVE,ICIBIO,E, 
S4423552,AF45,0017544, , , ,2011-10-31,2020-04-14,2020-04-14,ACTIVE,ICIBFCENQ, , 
S4423552,AF54,0015263, , , ,2018-09-25,2020-03-30,2020-03-26,ACTIVE,PBCLNTMNT, , 
S4423552,AF81,0018547, , , ,2013-09-19,2020-04-06,2020-04-06,ACTIVE,PBFINACC, , 
S4423552,AF82,0001326, , , ,2019-01-17,2019-10-02,2019-11-02,INACTIVE,PBACC, , 
S4423552,AF83,0020115, , , ,2019-05-24,2020-04-15,2020-04-15,ACTIVE,PBFINACC, , 
S4423552,AF96,0017516, , , ,2014-02-10,2020-04-15,2020-04-15,ACTIVE,ICIBFCBKN, , 
S4423552,AF97,0018502, , , ,2013-08-14,2020-04-15,2020-04-15,ACTIVE,EQNGRPFIN, , 
S4423552,ALERT,9999999, , , ,1996-10-14,2020-04-16,2020-04-16,ACTIVE, , , 
S4423552,ALERTCC,9999999, , , ,2018-03-08,2020-04-15,2020-03-10,ACTIVE, , , 
S4423552,ALERT01,9999999, , , ,1996-10-14,2020-04-12,2020-04-16,INACTIVE, , , 
S4423552,AM39,0008624, , , ,2009-03-25,2020-04-07,2020-04-07,ACTIVE,PBACC, , 
S4423552,AP01,9999999, , , ,2002-09-12, ,2019-05-16,INACTIVE, , , 
S4423552,AP02,9999999, , , ,2002-10-21, ,2019-05-16,INACTIVE, ,P,P
S4423552,AP03,9999999, , , ,2002-10-24, ,2019-05-16,INACTIVE, ,P,P
S4423552,AP05,9999999, , , ,2002-12-12, ,2019-05-16,INACTIVE, , , 
S4423552,AP06,9999999, , , ,2005-07-13, ,2019-05-16,INACTIVE, , , 
S4423552,AP07,9999999, , , ,2005-08-04, ,2019-05-16,INACTIVE, , , 
S4423552,AS25,0017009, , , ,2014-01-07,2020-04-15,2020-04-15,ACTIVE,DCOLBADMIN, ,E
S4423552,AS38,0017831, , , ,2015-04-09,2020-04-15,2020-04-16,ACTIVE,PBAPPS,P,P
S4423552,BRMSNETWRK,9999999, , , ,2015-06-11,2020-04-16,2020-03-10,ACTIVE, , , 
S4423552,BRMSREPS,9999999, , , ,2015-06-18,2020-04-16,2020-04-16,ACTIVE, , , 
S4423552,CAPETOWN,9999999, , , ,1989-05-08,2020-02-26,2020-02-27,INACTIVE, , , 
S4423552,CDPROD,9999999, , , ,1995-08-29,2020-01-02,2020-01-30,INACTIVE, , , 
S4423552,COURIER,9999999, , , ,2001-12-11,2020-04-16,2020-04-16,ACTIVE, , , 
S4423552,CT03,0013029, , , ,2007-08-20,2020-03-30,2020-03-30,INACTIVE,ICIBIO,E, 
S4423552,CT04,0013274, , , ,2012-06-20,2020-04-09,2020-04-09,ACTIVE,ICIBIO,E, 
S4423552,CT05,0010247, , , ,2009-02-04,2020-04-07,2020-04-07,ACTIVE,PBFINACC, , 
S4423552,CT08,0002905, , , ,2017-12-21,2020-04-15,2020-04-15,ACTIVE,PBBTT, , 
S4423552,CT12,0002933, , , ,1998-09-02,2020-01-10,2020-04-16,INACTIVE,PBFINACC, , 
S4423552,CT14,0016602, , , ,2010-05-07,2020-04-15,2020-04-15,ACTIVE,PBCCMIC,E, 
S4423552,CT24,0003536, , , ,1997-04-10,2020-04-15,2020-04-15,ACTIVE,PBCCMIC,E, 
S4423552,CT83,0002934, , , ,2003-10-17,2020-04-14,2020-04-14,ACTIVE,ICIBSF,E, 
S4423552,CT89,0013352, , , ,2007-11-02,2020-04-15,2020-04-15,ACTIVE,PBBTT, , 
S4423552,CT92,0012514, , , ,2007-03-15,2020-04-15,2020-04-15,ACTIVE,ICIBSF, , 
S4423552,CT96,0012696, , , ,2007-05-07,2020-04-15,2020-04-15,ACTIVE,PBCCMIC,E, 
S4423552,CT97,0010525, , , ,2015-01-30,2020-04-14,2020-04-14,ACTIVE,PBCCMIC,E,E
S4423552,DB05,0011556, , , ,2006-03-27,2020-04-02,2020-04-02,ACTIVE,PBBTT, , 
S4423552,DB07,0003244, , , ,2008-11-26,2020-04-15,2020-04-15,ACTIVE,PBBTT, , 
S4423552,DB09,0011798, , , ,2006-06-15,2020-04-15,2020-04-15,ACTIVE,PBBTT, ,E
S4423552,DB48,0016891, , , ,2010-10-15,2020-04-15,2020-04-15,ACTIVE,PBBTT, , 
S4423552,DB49,0016486, , , ,2010-12-07,2020-04-15,2020-04-15,ACTIVE,PBCCMIC,E, 
S4423552,DB51,0004518, , , ,2008-02-21,2020-04-15,2020-04-15,ACTIVE,PBBTT, ,E
S4423552,DB52,0010260, , , ,2009-04-09,2020-04-15,2020-04-15,ACTIVE,PBBTT, ,E
S4423552,DB53,0003094, , , ,2010-12-07,2020-04-03,2020-04-03,ACTIVE,PBACC, , 
S4423552,DB59,0021627, , , ,2016-11-03,2020-04-02,2020-04-02,ACTIVE,PBBTT, , 
S4423552,DB63,0018877, , , ,2019-03-25,2020-03-16,2020-04-16,INACTIVE,PBCCMBO,P,P
S4423552,DCOLBADMIN,9999999, , , ,2019-04-10,2020-04-15,2020-04-16,INACTIVE, , , 
S4423552,DPA4,0020645, , , ,2019-05-27,2020-04-15,2020-04-15,ACTIVE,ICIBFCBKN, , 
S4423552,DPA6,0028706, , , ,2019-02-26,2020-04-15,2020-04-15,ACTIVE,ICIBFCBKN, , 
S4423552,DPB4,0023439, , , ,2018-01-30,2020-04-15,2020-04-15,ACTIVE,ICIPRICE,P,P
S4423552,DPC8,0013751, , , ,2009-11-23,2020-04-15,2020-04-15,ACTIVE,ICIBFCBKN,P,P
S4423552,DPE5,0023488, , , ,2019-06-21,2020-04-15,2020-04-15,ACTIVE,ICIBTBSUP, , 
S4423552,DPE6,0019535, , , ,2019-01-29,2020-04-15,2020-04-15,ACTIVE,ICIBTBSUP, , 
S4423552,DPE7,0019682, , , ,2018-05-10,2020-04-15,2020-04-15,ACTIVE,GRCSC, , 
S4423552,DPF2,0023770, , , ,2019-04-25,2020-04-15,2020-04-15,ACTIVE,ICIBTBSUP, , 
S4423552,DPG1,0019872, , , ,2017-05-10,2020-04-15,2020-04-15,ACTIVE,ICIBFCBKN, , 
S4423552,DPK5,0018289, , , ,2013-03-18,2020-04-01,2020-04-01,ACTIVE,ICIBTS,E, 
S4423552,DPN5,0019263, , , ,2014-06-11,2019-09-23,2019-10-24,INACTIVE,ICIBFCBKN, , 
S4423552,DPQ3,0017908, , , ,2014-12-30,2020-03-20,2020-03-20,ACTIVE,ICIBTS, , 
S4423552,DPR1,0018847, , , ,2015-01-27,2020-04-15,2020-04-15,ACTIVE,ICIBTS,E, 
S4423552,DPR2,0019678, , , ,2019-06-05,2020-04-15,2020-04-15,ACTIVE,PBQA, , 
S4423552,DPS1,0018726, , , ,2015-04-23,2019-10-28,2020-02-04,INACTIVE,ICIBEX, , 
S4423552,DPT4,0020982, , , ,2018-01-30,2020-04-15,2020-04-15,ACTIVE,PBACCMAINT,P,P
S4423552,DPT6,0020791, , , ,2016-04-20,2020-04-15,2020-04-15,ACTIVE,ICIBIO,E, 
S4423552,DPT7,0020833, , , ,2019-04-03,2020-04-15,2020-04-15,ACTIVE,PBREID, , 
S4423552,DPU2,0023471, , , ,2018-02-20,2020-04-14,2020-04-14,ACTIVE,ICIBFCENQ, , 
S4423552,DPU9,0017774, , , ,2018-04-03,2020-04-15,2020-04-15,ACTIVE,ICIPRICE,P,P
S4423552,DPV3,0021083, , , ,2016-07-14,2020-04-03,2020-04-03,ACTIVE,SBRECONS,E,E
S4423552,DPW2,0021496, , , ,2016-10-03,2020-04-15,2020-04-15,ACTIVE,PBFINADMIN,P,P
S4423552,DPX2,0021547, , , ,2019-03-11,2020-03-17,2020-03-17,ACTIVE,ICIBSMART, , 
S4423552,DPY1,0017576, , , ,2016-12-12,2020-04-15,2020-04-15,ACTIVE,ICIBZM, , 
S4423552,DPY2,0021766, , , ,2019-02-08,2020-04-15,2020-04-15,ACTIVE,PBAUTH,P,P
S4423552,DPY3,0027535, , , ,2018-12-05,2020-04-15,2020-04-15,ACTIVE,PBPAYMENTS,P,P
S4423552,DPY7,0021090, , , ,2017-02-06,2020-04-15,2020-04-15,ACTIVE,PBCCMBO,P,P
S4423552,DPZ5,0021972, , , ,2019-11-11,2020-04-15,2020-04-15,ACTIVE,ICIBFCENQ,E, 
S4423552,DP01,0013230, , , ,2007-09-19,2020-04-15,2020-04-15,ACTIVE,ICIBZMTL, , 
S4423552,DP12,0016793, , , ,2010-08-16,2020-04-15,2020-04-15,ACTIVE,ICIBZL,P, 
S4423552,DP13,0011692, , , ,2009-11-04,2020-04-15,2020-04-15,ACTIVE,ICIPRICE,P,P
S4423552,DP15,0015937, , , ,2009-08-12,2020-04-15,2020-04-15,ACTIVE,ICIBIO,E, 
S4423552,DP17,0003160, , , ,1990-11-15,2020-03-19,2020-03-19,ACTIVE,ICIBTS, , 
S4423552,DP19,0000672, , , ,1990-12-12,2020-04-15,2020-04-15,ACTIVE,PBAUTH,P,P
S4423552,DP21,0017000, , , ,2010-12-23,2020-04-15,2020-04-14,ACTIVE,ICIBIO,E, 
S4423552,DP25,0021565, , , ,2018-10-04,2020-04-15,2020-04-15,ACTIVE,PBCSCCON,E, 
S4423552,DP27,0018342, , , ,2018-10-04,2020-04-15,2020-04-15,ACTIVE,PBCSCCON,E, 
S4423552,DP29,0028429, , , ,2019-02-21,2020-04-15,2020-04-15,ACTIVE,PBINVMCON, , 
S4423552,DP31,0019030, , , ,2019-02-21,2019-11-13,2020-03-03,INACTIVE,PBCSCCON,E, 
S4423552,DP32,0001861, , , ,2019-03-28,2020-03-23,2020-03-23,ACTIVE,ICIBFCENQ, , 
S4423552,DP33,0023600, , , ,2019-06-19,2020-04-15,2020-04-15,ACTIVE,PBCSCCON,E, 
S4423552,DP40,0015513, , , ,2008-10-03,2020-04-15,2020-04-15,ACTIVE,ICIBZMTL,P,P
S4423552,DP44,0016071, , , ,2009-12-11,2020-04-15,2020-04-15,ACTIVE,ICIBIO,E, 
S4423552,DP66,0006196, , , ,2010-11-10,2020-04-15,2020-04-15,ACTIVE,PBCCMBO,P,P
S4423552,DP67,0017080, , , ,2011-01-24,2020-04-15,2020-04-15,ACTIVE,ICIBIO,E, 
S4423552,DP73,0016947, , , ,2010-11-18,2020-04-15,2020-04-15,ACTIVE,ICIBIO,E, 
S4423552,DP78,0017006, , , ,2010-12-23,2020-03-16,2020-04-16,INACTIVE,ICIBFXI,E, 
S4423552,DP80,0009152, , , ,2004-01-12,2020-04-15,2020-04-15,ACTIVE,ICIBTS,E, 
S4423552,DP82,0016962, , , ,2010-11-15,2020-03-09,2020-04-09,INACTIVE,ICIBEX,E, 
S4423552,DP95,0010702, , , ,2005-04-25,2020-04-15,2020-04-15,ACTIVE,ICIBFCBKN,P, 
S4423552,DP98,0020518, , , ,2016-01-04,2020-04-15,2020-04-15,ACTIVE,ICICCMBO,P, 
S4423552,DTPROD,9999999, , , ,2020-04-08,2020-04-16,2020-04-15,ACTIVE, , , 
S4423552,DTUAT,9999999, , , ,2020-01-15,2020-04-16,2020-04-12,ACTIVE, , , 
S4423552,ENDPASTHR,9999999, , , ,2005-09-04, ,2020-04-13,INACTIVE, , , 
S4423552,EQJV,9999999, , , ,2012-11-16,2020-04-16,2020-04-16,ACTIVE, ,P,P
S4423552,EQNGRPFIN,9999999, , , ,2019-04-10,2020-04-15,2020-04-16,INACTIVE, , , 
S4423552,EQNHRENQ,9999999, , , ,2019-04-10,2020-04-15,2020-04-16,INACTIVE, , , 
S4423552,EQNINVBUS,9999999, , , ,2019-04-10,2020-04-15,2020-04-16,INACTIVE, , , 
S4423552,EQNPROPGRP,9999999, , , ,2019-04-10,2020-04-15,2020-04-16,INACTIVE, , , 
S4423552,EQSUPPORT,9999999, , , ,1996-08-19,2020-04-16,2020-04-16,INACTIVE, , , 
S4423552,EQTA,9999999, , , ,2001-07-23,2020-04-16,2020-04-16,ACTIVE, , , 
S4423552,EQUATION,9999999, , , ,1995-05-12,2020-04-16,2020-04-16,INACTIVE, , , 
S4423552,EQUSER,9999999, , , ,1995-07-11,2020-04-15,2020-04-16,INACTIVE, ,P,P
S4423552,ESSBASE,9999999, , , ,2004-03-30,2020-04-15,2019-12-05,ACTIVE, , , 
S4423552,E004,0031378, , , ,2019-07-09,2020-04-15,2020-04-15,ACTIVE,ICIBFCBKN, , 
S4423552,E006,0031356, , , ,2019-07-10,2020-04-15,2020-04-15,ACTIVE,ICIBFCBKN, , 
S4423552,E008,0021122, , , ,2019-07-11,2020-04-06,2020-04-06,ACTIVE,PBFINACC, , 
S4423552,E010,0032337, , , ,2019-07-12,2020-04-09,2020-04-09,ACTIVE,ICIBTBSUP, , 
S4423552,E012,0019908, , , ,2019-07-15,2020-04-14,2020-04-14,ACTIVE,DCOLBADMIN, , 
S4423552,E013,0031457, , , ,2019-07-19,2020-04-15,2020-04-15,ACTIVE,PBFINADMIN,E, 
S4423552,E017,0031375, , , ,2019-07-23,2020-04-03,2020-04-03,ACTIVE,PBREGOPS, , 
S4423552,E018,0012211, , , ,2019-07-25,2019-09-09,2019-10-10,INACTIVE,PBERM, , 
S4423552,E019,0018434, , , ,2019-07-26,2020-04-08,2020-04-08,ACTIVE,ICIBCOTM,E, 
S4423552,E022,0031461, , , ,2019-07-28,2020-01-20,2020-01-20,INACTIVE,PBREGOPS, , 
S4423552,E027,0021851, , , ,2019-07-29,2020-04-15,2020-04-15,ACTIVE,ICIBCO, , 
S4423552,E029,0027733, , , ,2019-07-29,2020-01-16,2020-02-16,INACTIVE,ICIBFCENQ,E, 
S4423552,E030,0031460, , , ,2019-07-29,2020-04-14,2020-04-14,ACTIVE,PBREGOPS, , 
S4423552,E033,0031487, , , ,2019-07-29,2020-04-08,2020-04-08,ACTIVE,PBREGOPS, , 
S4423552,E034,0020025, , , ,2019-08-01,2020-04-15,2020-04-15,ACTIVE,ICIBFCENQ, , 
S4423552,E035,0010739, , , ,2019-08-05,2020-04-09,2020-04-09,ACTIVE,GRCSC, , 
S4423552,E037,0027728, , , ,2019-08-06,2020-01-02,2020-02-02,INACTIVE,EQNGRPFIN, , 
S4423552,E039,0031468, , , ,2019-08-07,2020-04-16,2020-04-16,ACTIVE,ICIBFCENQ, , 
S4423552,E042,0015649, , , ,2019-08-08,2020-04-15,2020-04-15,ACTIVE,PBINFDOC,E,E
S4423552,E046,0017042, , , ,2019-08-16,2020-03-31,2020-03-31,ACTIVE,PBQA, , 
S4423552,E048,0031526, , , ,2019-08-21,2020-04-15,2020-04-15,ACTIVE,PBACCMAINT, , 
S4423552,E049,0008678, , , ,2019-08-22,2020-04-15,2020-04-15,ACTIVE,ICIBSFCO, , 
S4423552,E050,0031459, , , ,2019-08-30, ,2019-09-30,INACTIVE,SSSCHEQN, , 
S4423552,E051,0018182, , , ,2019-08-30, ,2019-09-30,INACTIVE,PBINVMCON,E, 
S4423552,E052,0027930, , , ,2019-09-04,2020-04-09,2020-04-09,ACTIVE,PBREGOPS, , 
S4423552,E053,0024286, , , ,2019-09-06,2020-04-14,2020-04-14,ACTIVE,PBREGOPS, , 
S4423552,E056,0028406, , , ,2019-09-06,2020-04-15,2020-04-15,ACTIVE,PBINVMCON,E, 
S4423552,E057,0021138, , , ,2019-09-06, ,2019-12-11,INACTIVE,PBTRANSMON, , 
S4423552,E058,0018875, , , ,2019-09-06,2019-09-30,2020-03-10,INACTIVE,PBREGOPS, , 
S4423552,E059,0019570, , , ,2019-09-06,2020-01-16,2020-02-16,INACTIVE,PBTRANSMON, , 
S4423552,E060,0017807, , , ,2019-09-11,2019-10-09,2019-11-09,INACTIVE,ICIENQ, , 
S4423552,E061,0024001, , , ,2019-09-06,2020-04-06,2020-04-06,ACTIVE,PBQA, , 
S4423552,E062,0001292, , , ,2019-09-06,2019-12-09,2020-01-09,INACTIVE,ICIBFXI, , 
S4423552,E063,0023318, , , ,2019-09-06, ,2019-10-07,INACTIVE,PBREGOPS, , 
S4423552,E064,0022251, , , ,2019-09-06,2020-01-02,2020-02-02,INACTIVE,ICIBBSF, , 
S4423552,E065,0026344, , , ,2019-09-06, ,2019-10-07,INACTIVE,PBREGOPS, , 
S4423552,E066,0020922, , , ,2019-09-06, ,2019-10-07,INACTIVE,PBREGOPS, , 
S4423552,E067,0020706, , , ,2019-09-06, ,2019-10-07,INACTIVE,PBREGOPS, , 
S4423552,E068,0023555, , , ,2019-09-06,2020-03-02,2020-04-02,INACTIVE,PBREGOPS, , 
S4423552,E069,0027603, , , ,2019-09-06,2020-04-14,2020-04-14,ACTIVE,PBREGOPS, , 
S4423552,E070,0022408, , , ,2019-09-06,2020-04-06,2020-04-06,ACTIVE,PBREGOPS, , 
S4423552,E071,0027345, , , ,2019-09-06,2020-04-14,2020-04-14,ACTIVE,PBREGOPS, , 
S4423552,E072,0023736, , , ,2019-09-06,2020-04-15,2020-04-15,ACTIVE,PBREGOPS, , 
S4423552,E073,0021825, , , ,2019-09-06,2019-11-27,2019-12-28,INACTIVE,PBREGOPS, , 
S4423552,E074,0027597, , , ,2019-09-06,2020-04-14,2020-04-14,ACTIVE,PBREGOPS, , 
S4423552,E075,0018314, , , ,2019-09-06,2020-04-14,2020-04-14,ACTIVE,ICIBTBSUP, , 
S4423552,E077,0020934, , , ,2019-09-06,2019-09-27,2019-10-28,INACTIVE,PBREGOPS, , 
S4423552,E078,0027501, , , ,2019-09-06, ,2019-10-07,INACTIVE,PBREGOPS, , 
S4423552,E079,0021632, , , ,2019-09-06, ,2019-10-07,INACTIVE,PBREGOPS, , 
S4423552,E080,0027606, , , ,2019-09-06,2020-04-15,2020-04-15,ACTIVE,PBREGOPS, , 
S4423552,E081,0023413, , , ,2019-09-06, ,2019-10-07,INACTIVE,PBREGOPS, , 
S4423552,E083,0021087, , , ,2019-09-06,2019-10-15,2019-10-15,INACTIVE,PBREGOPS, , 
S4423552,E085,0027736, , , ,2019-09-06,2019-11-18,2019-12-19,INACTIVE,PBREGOPS, , 
S4423552,E086,0020908, , , ,2019-09-06,2020-04-15,2020-04-15,ACTIVE,PBREGOPS, , 
S4423552,E087,0022165, , , ,2019-09-06, ,2019-10-07,INACTIVE,PBREGOPS, , 
S4423552,E091,0031534, , , ,2019-09-09, ,2019-10-10,INACTIVE,ICIBCO, , 
S4423552,E093,0016445, , , ,2019-09-10,2020-04-14,2020-04-14,ACTIVE,ICIENQ, , 
S4423552,E094,0018703, , , ,2019-09-11,2020-04-15,2020-04-15,ACTIVE,PBCCMIC,P, 
S4423552,E095,0002208, , , ,2019-09-12,2020-04-15,2020-04-15,ACTIVE,ICIBIO,E, 
S4423552,E096,0022191, , , ,2019-09-16,2020-04-15,2020-04-15,ACTIVE,PBCLNTMNT, , 
S4423552,E097,0027731, , , ,2019-09-17, ,2019-10-18,INACTIVE,PBQA, , 
S4423552,E098,0021569, , , ,2019-09-17, ,2019-10-18,INACTIVE,PBCOMPCON, , 
S4423552,E100,0022230, , , ,2019-09-17, ,2019-10-18,INACTIVE,PBCOMPCON, , 
S4423552,E101,0023369, , , ,2019-09-17,2019-12-03,2020-01-03,INACTIVE,PBQA, , 
S4423552,E102,0027748, , , ,2019-09-26,2020-04-14,2020-04-14,ACTIVE,ICIBFCICI,E, 
S4423552,E104,0014033, , , ,2019-09-20, ,2019-10-21,INACTIVE,PBQA,E,E
S4423552,E105,0009167, , , ,2019-09-20,2020-04-15,2020-04-15,ACTIVE,EQNGRPFIN, , 
S4423552,E106,0023462, , , ,2019-09-27, ,2019-10-28,INACTIVE,PBCOMPCON,E,E
S4423552,E107,0030234, , , ,2019-09-30,2020-04-07,2020-04-07,ACTIVE,PBREGOPS, , 
S4423552,E108,0019429, , , ,2019-09-30, ,2019-10-31,INACTIVE,PBCOMPCON, , 
S4423552,E109,0031350, , , ,2019-10-02,2020-04-15,2020-04-15,ACTIVE,ICIBIO,E, 
S4423552,E110,0031322, , , ,2019-10-02,2020-04-14,2020-04-14,INACTIVE,PBREGOPS, , 
S4423552,E111,0023445, , , ,2019-10-02,2020-01-16,2020-02-16,INACTIVE,PBINVMCON,E, 
S4423552,E112,0024284, , , ,2019-10-02,2020-04-15,2020-04-15,ACTIVE,PBINVMCON,E, 
S4423552,E113,0015936, , , ,2019-10-02,2020-02-07,2020-02-07,INACTIVE,ICIBEX, , 
S4423552,E114,0031659, , , ,2019-10-02, ,2019-11-02,INACTIVE,ICIBIO,E, 
S4423552,E115,0018579, , , ,2019-10-02,2020-04-15,2020-04-15,ACTIVE,ICIBFCBKN, , 
S4423552,E116,0001645, , , ,2019-10-03, ,2020-03-16,INACTIVE,PBQA, , 
S4423552,E117,0030231, , , ,2019-10-07,2020-04-15,2020-04-15,ACTIVE,PBREGOPS,E,E
S4423552,E118,0001482, , , ,2019-10-08,2019-10-08,2019-11-08,INACTIVE,PBQA, , 
S4423552,E119,0001459, , , ,2019-10-08,2019-11-15,2020-02-27,INACTIVE,PBQA, , 
S4423552,E120,0015353, , , ,2019-10-08, ,2019-11-08,INACTIVE,ICIENQ, , 
S4423552,E121,0031465, , , ,2019-10-08, ,2019-11-08,INACTIVE,ICIBTBSUP, , 
S4423552,E122,0015121, , , ,2019-10-08,2020-03-31,2020-03-31,ACTIVE,PBQA, , 
S4423552,E123,0029268, , , ,2019-10-08, ,2019-11-08,INACTIVE,ICIBFCENQ, , 
S4423552,E124,0021535, , , ,2019-10-09,2020-04-09,2020-04-12,ACTIVE,PBPAYMENTS,E,E
S4423552,E125,0023557, , , ,2019-10-10,2020-04-15,2020-04-15,ACTIVE,ICIBFCENQ, , 
S4423552,E126,0010766, , , ,2019-10-10,2020-04-15,2020-04-15,ACTIVE,ICIBDS, , 
S4423552,E127,0016794, , , ,2019-10-10,2020-04-15,2020-04-15,ACTIVE,ICIBFCENQ, , 
S4423552,E128,0016213, , , ,2019-10-11,2019-10-14,2019-11-14,INACTIVE,PBPAYMENTS,E, 
S4423552,E129,0021533, , , ,2019-10-18, ,2019-11-18,INACTIVE,PBCOMPCON, , 
S4423552,E130,0013370, , , ,2019-10-18, ,2019-11-18,INACTIVE,PBCOMPCON, , 
S4423552,E132,0031529, , , ,2019-10-18, ,2019-11-18,INACTIVE,ICIPRICE, , 
S4423552,E133,0031730, , , ,2019-10-23, ,2019-11-23,INACTIVE,PBQA, , 
S4423552,E134,0004948, , , ,2019-10-23,2020-04-15,2020-04-15,ACTIVE,EQNHRENQ, , 
S4423552,E135,0021442, , , ,2019-10-23, ,2019-11-23,INACTIVE,PBCOMPCON, , 
S4423552,E136,0021593, , , ,2019-10-24, ,2019-11-24,INACTIVE,PBCOMPCON, , 
S4423552,E137,0022271, , , ,2019-10-25, ,2019-11-25,INACTIVE,PBCOMPCON, , 
S4423552,E138,0018423, , , ,2019-10-31,2020-01-15,2020-02-28,INACTIVE,ICIBEX,E, 
S4423552,E139,0017205, , , ,2019-10-31,2020-03-24,2020-03-24,ACTIVE,ICIBEX,E, 
S4423552,E140,0019299, , , ,2019-10-31, ,2019-12-01,INACTIVE,PBCOMPCON, , 
S4423552,E141,0028440, , , ,2019-10-31,2020-04-15,2020-04-15,ACTIVE,PBCSCCON,E, 
S4423552,E142,0019721, , , ,2019-11-04,2020-04-15,2020-04-15,ACTIVE,ICIBFCBKN, , 
S4423552,E143,0021987, , , ,2019-11-04,2020-04-15,2020-04-15,ACTIVE,ICIBFCBKN, , 
S4423552,E144,0021758, , , ,2019-11-04,2020-04-14,2020-04-14,ACTIVE,ICIBTS, , 
S4423552,E145,0031761, , , ,2019-11-04,2020-04-15,2020-04-15,ACTIVE,PBPAYMENTS, , 
S4423552,E146,0021110, , , ,2019-11-05,2020-03-13,2020-04-13,INACTIVE,PBQA, , 
S4423552,E147,0023582, , , ,2019-11-05,2020-04-02,2020-04-02,ACTIVE,PBQA, , 
S4423552,E148,0022362, , , ,2019-11-05,2019-12-18,2020-01-18,INACTIVE,PBREGOPS, , 
S4423552,E149,0010996, , , ,2019-11-05,2020-04-06,2020-04-06,ACTIVE,PBQA, , 
S4423552,E151,0027500, , , ,2019-11-06,2020-04-15,2020-04-15,ACTIVE,PBCLNTMNT, ,E
S4423552,E153,0009364, , , ,2019-11-12,2020-03-26,2020-03-26,ACTIVE,PBCCMIC, , 
S4423552,E154,0003488, , , ,2019-11-18, ,2019-12-19,INACTIVE,PBCCMEC, , 
S4423552,E155,0015468, , , ,2019-11-19, ,2019-12-20,INACTIVE,PBCOMPCON, , 
S4423552,E156,0031436, , , ,2019-11-19,2020-04-15,2020-04-15,ACTIVE,EQNINVBUS, , 
S4423552,E158,0031827, , , ,2019-11-19,2020-03-05,2020-04-05,INACTIVE,ICIBFCBKN, , 
S4423552,E159,0031763, , , ,2019-11-19,2020-04-15,2020-04-15,ACTIVE,PBPAYMENTS,E,E
S4423552,E160,0031664, , , ,2019-11-19,2020-04-15,2020-04-15,ACTIVE,ICIBFCBKN, , 
S4423552,E162,0012349, , , ,2019-11-19, ,2019-12-20,INACTIVE,PBCCMEC, , 
S4423552,E163,0023621, , , ,2019-11-20,2020-04-14,2020-04-14,ACTIVE,ICIBCOTM,E, 
S4423552,E164,0023503, , , ,2019-11-21,2020-04-14,2020-04-14,ACTIVE,ICIBCOTM,E, 
S4423552,E165,0023602, , , ,2019-11-22, ,2019-12-23,INACTIVE,PBINVMCON, , 
S4423552,E166,0018834, , , ,2019-11-22,2020-03-04,2020-04-04,INACTIVE,GRCSC, , 
S4423552,E167,0022944, , , ,2019-11-25,2020-04-15,2020-04-15,ACTIVE,PBQDISPUTE,E, 
S4423552,E168,0031750, , , ,2019-12-03,2020-04-01,2020-04-01,ACTIVE,PBINVMCON,E, 
S4423552,E169,0016952, , , ,2019-12-06,2020-01-23,2020-02-23,INACTIVE,PBSALESADM, , 
S4423552,E170,0031823, , , ,2019-12-06,2020-04-15,2020-04-15,ACTIVE,PBCCMIC, , 
S4423552,E171,0031314, , , ,2019-12-06, ,2020-01-25,INACTIVE,PBSALESADM, , 
S4423552,E172,0023995, , , ,2019-12-09,2020-01-20,2020-02-20,INACTIVE,PBSALESADM,E,E
S4423552,E173,0020977, , , ,2019-12-09,2020-01-23,2020-01-23,INACTIVE,PBSALESADM, , 
S4423552,E174,0021458, , , ,2019-12-09,2020-01-20,2020-02-20,INACTIVE,PBSALESADM, , 
S4423552,E175,0024135, , , ,2019-12-09,2020-01-23,2020-02-23,INACTIVE,PBSALESADM, , 
S4423552,E176,0023706, , , ,2019-12-09,2020-01-23,2020-02-23,INACTIVE,PBSALESADM, , 
S4423552,E177,0020974, , , ,2019-12-10, ,2020-01-10,INACTIVE,ICIBEX, , 
S4423552,E178,0023782, , , ,2019-12-10,2020-01-23,2020-02-23,INACTIVE,PBSALESADM, , 
S4423552,E179,0023974, , , ,2019-12-10,2020-04-15,2020-04-15,ACTIVE,PBCIMAACT, , 
S4423552,E180,0023589, , , ,2019-12-10,2020-01-23,2020-02-23,INACTIVE,PBSALESADM, , 
S4423552,E181,0023591, , , ,2019-12-10,2020-01-23,2020-02-23,INACTIVE,PBSALESADM, , 
S4423552,E182,0020865, , , ,2019-12-10,2020-01-28,2020-02-28,INACTIVE,PBSALESADM, , 
S4423552,E183,0031456, , , ,2019-12-10,2020-01-23,2020-01-23,INACTIVE,PBSALESADM, , 
S4423552,E184,0021315, , , ,2019-12-10,2020-01-23,2020-02-23,INACTIVE,PBSALESADM, , 
S4423552,E185,0024121, , , ,2019-12-10,2020-01-20,2020-02-20,INACTIVE,PBSALESADM, , 
S4423552,E186,0019358, , , ,2019-12-11, ,2020-01-11,INACTIVE,ICIBEX, , 
S4423552,E187,0018779, , , ,2019-12-11,2020-04-13,2020-04-13,ACTIVE,EQNPROPGRP, , 
S4423552,E188,0031683, , , ,2019-12-11,2020-03-18,2020-03-18,ACTIVE,ICIBFCBKN, , 
S4423552,E189,0023298, , , ,2019-12-11, ,2020-01-11,INACTIVE,PBCCMBO, , 
S4423552,E190,0022325, , , ,2019-12-19,2020-04-15,2020-04-15,ACTIVE,PBACLOSURE, ,E
S4423552,E191,0013321, , , ,2019-12-24, ,2020-01-24,INACTIVE,ICIPRICE, , 
S4423552,E200,0031455, , , ,2020-01-09,2020-04-15,2020-04-15,ACTIVE,PBINFDOC, , 
S4423552,E201,0031835, , , ,2020-01-09, ,2020-02-09,INACTIVE,ICIBTS, , 
S4423552,E202,0031365, , , ,2020-01-09, ,2020-02-09,INACTIVE,PBBTT, , 
S4423552,E203,0024134, , , ,2020-01-09,2020-04-15,2020-04-15,ACTIVE,PBCCMBO, , 
S4423552,E204,0021730, , , ,2020-01-13,2020-04-09,2020-04-12,ACTIVE,PBPAYMENTS,P,P
S4423552,E205,0023607, , , ,2020-01-14,2020-04-15,2020-04-15,ACTIVE,ICIBBSF, , 
S4423552,E206,0023268, , , ,2020-01-16, ,2020-02-16,INACTIVE,ICIBCO, , 
S4423552,E207,0018065, , , ,2020-01-22,2020-04-01,2020-04-01,ACTIVE,ICIBDSS, , 
S4423552,E208,0020612, , , ,2020-01-22,2020-03-24,2020-03-24,ACTIVE,ICIBBSF, , 
S4423552,E209,0024372, , , ,2020-01-24,2020-04-15,2020-04-15,ACTIVE,PBCIMAACT, , 
S4423552,E210,0032112, , , ,2020-01-27,2020-04-15,2020-04-15,ACTIVE,PBPAYMENTS, ,E
S4423552,E211,0023406, , , ,2020-01-29,2020-04-15,2020-04-15,ACTIVE,ICIBFCBKN, , 
S4423552,E212,0012478, , , ,2020-01-30,2020-04-15,2020-04-15,ACTIVE,EQNINVBUS, , 
S4423552,E213,0027734, , , ,2020-01-30,2020-04-15,2020-04-15,ACTIVE,ICIBFCENQ, , 
S4423552,E214,0017786, , , ,2020-01-30, ,2020-03-01,INACTIVE,PBQA, , 
S4423552,E215,0002993, , , ,2020-01-30, ,2020-03-01,INACTIVE,PBPAYMENTS, , 
S4423552,E217,0032074, , , ,2020-01-30,2020-04-15,2020-04-15,ACTIVE,ICIBFCBKN, , 
S4423552,E218,0016688, , , ,2020-01-30, ,2020-03-01,INACTIVE,EQNPROPGRP, , 
S4423552,E219,0022374, , , ,2020-01-30,2020-04-06,2020-03-22,ACTIVE,ICIENQ, , 
S4423552,E220,0032098, , , ,2020-01-30, ,2020-03-01,INACTIVE,ICIBTS, , 
S4423552,E221,0031830, , , ,2020-02-03,2020-04-08,2020-04-08,ACTIVE,ICIBFCBKN, , 
S4423552,E222,0032234, , , ,2020-02-03, ,2020-03-05,INACTIVE,ICIBCO, , 
S4423552,E223,0022297, , , ,2020-02-05,2020-02-17,2020-03-19,INACTIVE,ICIBSMART, , 
S4423552,E224,0017526, , , ,2020-02-05, ,2020-03-07,INACTIVE,ICIBSMART, , 
S4423552,E225,0021788, , , ,2020-02-05,2020-04-07,2020-04-07,ACTIVE,ICIBSMART, , 
S4423552,E226,0032081, , , ,2020-02-05,2020-04-14,2020-04-14,ACTIVE,GRCSC, , 
S4423552,E227,0032067, , , ,2020-02-10,2020-02-12,2020-03-14,INACTIVE,ICIENQ, , 
S4423552,E228,0018438, , , ,2020-02-10, ,2020-03-12,INACTIVE,ICIBFCENQ, , 
S4423552,E229,0017368, , , ,2020-02-10, ,2020-03-12,INACTIVE,ICIBFCENQ, , 
S4423552,E230,0020837, , , ,2020-02-10, ,2020-03-12,INACTIVE,ICIBFCENQ, , 
S4423552,E231,0032068, , , ,2020-02-10,2020-04-08,2020-04-08,ACTIVE,ICIBFCENQ, , 
S4423552,E232,0032045, , , ,2020-02-10,2020-04-03,2020-04-03,ACTIVE,ICIENQ, , 
S4423552,E233,0027329, , , ,2020-02-12,2020-03-17,2020-03-17,ACTIVE,WIRCHEAD, , 
S4423552,E234,0015372, , , ,2020-02-13,2020-04-14,2020-04-14,ACTIVE,ICIBSFCO, , 
S4423552,E235,0020534, , , ,2020-02-18,2020-04-15,2020-04-15,ACTIVE,ICIBFCENQ, , 
S4423552,E236,0032235, , , ,2020-02-24,2020-04-03,2020-04-03,ACTIVE,EQNINVBUS, , 
S4423552,E237,0010748, , , ,2020-02-24,2020-04-08,2020-04-08,ACTIVE,PBCCMEC,E, 
S4423552,E238,0032285, , , ,2020-02-24,2020-04-03,2020-04-03,ACTIVE,ICIBFCBKN, , 
S4423552,E239,0027467, , , ,2020-02-24,2020-03-02,2020-04-02,INACTIVE,PBTRANSMON, , 
S4423552,E240,0032073, , , ,2020-02-24,2020-04-06,2020-04-06,ACTIVE,EQNGRPFIN, , 
S4423552,E241,0018901, , , ,2020-02-26, ,2020-03-28,INACTIVE,ICIBIO,E, 
S4423552,E242,0031381, , , ,2020-02-26, ,2020-03-28,INACTIVE,ICIBIO, , 
S4423552,E243,0024361, , , ,2020-02-26, ,2020-03-28,INACTIVE,ICIBIO, , 
S4423552,E244,0020109, , , ,2020-02-26, ,2020-03-28,INACTIVE,ICIBIO, , 
S4423552,E245,0017292, , , ,2020-02-26, ,2020-03-28,INACTIVE,ICIBIO,E, 
S4423552,E246,0020447, , , ,2020-02-26, ,2020-03-28,INACTIVE,ICIBIO,E, 
S4423552,E247,0020734, , , ,2020-02-26, ,2020-03-28,INACTIVE,ICIBIO,E, 
S4423552,E248,0017969, , , ,2020-02-26, ,2020-03-28,INACTIVE,ICIBIO,E, 
S4423552,E249,0029269, , , ,2020-02-26, ,2020-03-28,INACTIVE,ICIBFCENQ, , 
S4423552,E250,0019025, , , ,2020-02-26, ,2020-03-28,INACTIVE,ICIBIO,E, 
S4423552,E251,0020428, , , ,2020-02-26, ,2020-03-28,INACTIVE,ICIBIO,E, 
S4423552,E252,0028452, , , ,2020-02-26,2020-04-09,2020-04-09,ACTIVE,PBINVMCON,E, 
S4423552,E253,0023624, , , ,2020-03-02, ,2020-03-02,INACTIVE,PBINVMCON,E, 
S4423552,E254,0020942, , , ,2020-03-02,2020-04-15,2020-04-15,ACTIVE,ICIBFCENQ, , 
S4423552,E255,0020991, , , ,2020-03-10, ,2020-04-10,INACTIVE,ICIBCO, , 
S4423552,E257,0023467, , , ,2020-03-10, ,2020-04-10,INACTIVE,ICIBEX, , 
S4423552,E259,0017177, , , ,2020-03-12, ,2020-04-12,INACTIVE,ICIBEX, , 
S4423552,E260,0031501, , , ,2020-03-12, ,2020-04-12,INACTIVE,ICIBEX, , 
S4423552,E261,0015736, , , ,2020-03-12, ,2020-04-12,INACTIVE,ICIBEX, , 
S4423552,E262,0016244, , , ,2020-03-12, ,2020-04-12,INACTIVE,ICIBEX, , 
S4423552,E263,0032326, , , ,2020-03-16,2020-03-17,2020-03-17,ACTIVE,ICIBDS, , 
S4423552,E264,0024149, , , ,2020-03-17, ,2020-03-17,ACTIVE,ICIBCO, , 
S4423552,E265,0031304, , , ,2020-03-17, ,2020-03-17,ACTIVE,ICIBCO, , 
S4423552,E266,0023670, , , ,2020-03-17, ,2020-03-17,ACTIVE,ICIBCO, , 
S4423552,E267,0021498, , , ,2020-03-17, ,2020-03-17,ACTIVE,ICIBCO, , 
S4423552,E268,0026337, , , ,2020-03-17, ,2020-03-17,ACTIVE,ICIBCO, , 
S4423552,E269,0026343, , , ,2020-03-17, ,2020-03-17,ACTIVE,ICIBCO, , 
S4423552,E270,0019195, , , ,2020-03-17, ,2020-03-17,ACTIVE,ICIBCO, , 
S4423552,E271,0023408, , , ,2020-03-17, ,2020-03-17,ACTIVE,ICIBEX, , 
S4423552,E272,0016904, , , ,2020-03-17, ,2020-03-17,ACTIVE,ICIBEX, , 
S4423552,E273,0015515, , , ,2020-03-17, ,2020-03-17,ACTIVE,ICIBEX, , 
S4423552,E274,0019327, , , ,2020-03-17, ,2020-03-17,ACTIVE,ICIBEX, , 
S4423552,E275,0021589, , , ,2020-03-17,2020-04-03,2020-04-03,ACTIVE,ICIBEX, , 
S4423552,E276,0019496, , , ,2020-03-17, ,2020-03-17,ACTIVE,ICIBFCENQ, , 
S4423552,E277,0023824, , , ,2020-03-17, ,2020-03-17,ACTIVE,ICIBCO, , 
S4423552,E278,0020107, , , ,2020-03-20, ,2020-03-20,ACTIVE,PBFINACC, , 
S4423552,E279,0012842, , , ,2020-03-20, ,2020-03-20,ACTIVE,PBCCMIC, , 
S4423552,E280,0022189, , , ,2020-03-24,2020-04-15,2020-04-15,ACTIVE,PBQA, , 
S4423552,E281,0031838, , , ,2020-03-24,2020-04-06,2020-04-06,ACTIVE,EQNINVBUS, , 
S4423552,E282,0016766, , , ,2020-04-03,2020-04-15,2020-04-15,ACTIVE,ICIBFCENQ, , 
S4423552,E283,0029287, , , ,2020-04-06, ,2020-04-06,ACTIVE,PBCIMAACT, , 
S4423552,E284,0020753, , , ,2020-04-15,2020-04-15,2020-04-15,ACTIVE,PBQA, , 
S4423552,E285,0031482, , , ,2020-04-15,2020-04-15,2020-04-15,ACTIVE,PBQA, , 
S4423552,E286,0032328, , , ,2020-04-15, ,2020-04-15,ACTIVE,PBQA, , 
S4423552,E287,0027342, , , ,2020-04-15,2020-04-15,2020-04-15,ACTIVE,PBQA, , 
S4423552,E288,0021104, , , ,2020-04-15,2020-04-15,2020-04-15,ACTIVE,PBQA, , 
S4423552,E289,0021768, , , ,2020-04-15,2020-04-15,2020-04-15,ACTIVE,PBQA, , 
S4423552,E290,0020737, , , ,2020-04-15,2020-04-15,2020-04-15,ACTIVE,PBQA, , 
S4423552,E291,0023320, , , ,2020-04-15,2020-04-15,2020-04-15,ACTIVE,PBQA, , 
S4423552,E292,0032218, , , ,2020-04-15, ,2020-04-15,ACTIVE,ICIENQ, , 
S4423552,E294,0032374, , , ,2020-04-15, ,2020-04-15,ACTIVE,PBBTT, , 
S4423552,E295,0012771, , , ,2020-04-15, ,2020-04-15,ACTIVE,PBQA, , 
S4423552,FOREX,9999999, , , ,1990-03-28,2019-07-04,2019-12-09,INACTIVE, ,P,P
S4423552,FX01,0013676, , , ,2008-12-08,2020-04-08,2020-04-09,ACTIVE,ICIBTS,E, 
S4423552,GRCSC,9999999, , , ,2019-04-10,2020-04-15,2020-04-16,INACTIVE, , , 
S4423552,GRFINADMIN,9999999, , , ,2019-04-10,2019-08-07,2019-08-08,INACTIVE, , , 
S4423552,HALCYON,9999999, , , ,2018-07-31,2018-07-31,2019-05-16,INACTIVE, , , 
S4423552,HALFTP,9999999, , , ,2018-07-31,2018-07-31,2019-05-16,INACTIVE, , , 
S4423552,ICIBBSF,9999999, , , ,2019-04-10,2020-04-15,2020-04-16,INACTIVE, , , 
S4423552,ICIBCC,9999999, , , ,2019-04-10,2020-03-13,2020-03-14,INACTIVE, , , 
S4423552,ICIBCL,9999999, , , ,2019-04-10,2020-04-15,2020-04-16,INACTIVE, , , 
S4423552,ICIBCM,9999999, , , ,2019-08-14,2020-04-15,2020-04-16,INACTIVE, , , 
S4423552,ICIBCO,9999999, , , ,2019-04-10,2020-04-15,2020-04-16,INACTIVE, , , 
S4423552,ICIBCOTM,9999999, , , ,2019-09-06,2020-04-15,2020-04-16,INACTIVE, , , 
S4423552,ICIBCR,9999999, , , ,2019-04-10, ,2019-05-29,INACTIVE, , , 
S4423552,ICIBDS,9999999, , , ,2019-04-10,2020-04-15,2020-04-16,INACTIVE, , , 
S4423552,ICIBDSS,9999999, , , ,2019-04-10,2020-04-15,2020-04-16,INACTIVE, , , 
S4423552,ICIBEX,9999999, , , ,2019-04-10,2020-04-15,2020-04-16,INACTIVE, , , 
S4423552,ICIBFCBKN,9999999, , , ,2019-04-10,2020-04-15,2020-04-16,INACTIVE, , , 
S4423552,ICIBFCENQ,9999999, , , ,2019-04-10,2020-04-16,2020-04-16,INACTIVE, , , 
S4423552,ICIBFCICI,9999999, , , ,2019-04-10,2020-04-14,2020-04-15,INACTIVE, , , 
S4423552,ICIBFCSPR,9999999, , , ,2019-04-10,2020-04-15,2020-04-16,INACTIVE, , , 
S4423552,ICIBFXI,9999999, , , ,2019-04-10,2020-03-16,2020-03-17,INACTIVE, , , 
S4423552,ICIBFXOP,9999999, , , ,2019-04-10, ,2019-05-29,INACTIVE, , , 
S4423552,ICIBIO,9999999, , , ,2019-04-10,2020-04-15,2020-04-16,INACTIVE, , , 
S4423552,ICIBOPSME,9999999, , , ,2019-04-10,2020-04-15,2020-04-16,INACTIVE, , , 
S4423552,ICIBPROD,9999999, , , ,2020-04-08,2020-04-16,2020-04-15,ACTIVE, , , 
S4423552,ICIBPSUP,9999999, , , ,2019-04-10, ,2019-05-29,INACTIVE, , , 
S4423552,ICIBRECONS,9999999, , , ,2019-04-10, ,2019-05-29,INACTIVE, , , 
S4423552,ICIBROBOT,9999999, , , ,2019-04-10,2020-04-15,2019-05-29,INACTIVE, , , 
S4423552,ICIBSF,9999999, , , ,2019-04-10,2020-04-15,2020-04-16,INACTIVE, , , 
S4423552,ICIBSFCO,9999999, , , ,2019-04-10,2020-04-15,2020-04-16,INACTIVE, , , 
S4423552,ICIBSMART,9999999, , , ,2019-04-10,2020-04-07,2020-04-08,INACTIVE, , , 
S4423552,ICIBSR,9999999, , , ,2019-04-10, ,2019-05-29,INACTIVE, , , 
S4423552,ICIBTBSUP,9999999, , , ,2019-04-10,2020-04-15,2020-04-16,INACTIVE, , , 
S4423552,ICIBTECH,9999999, , , ,2019-04-10,2020-04-15,2020-04-15,INACTIVE, , , 
S4423552,ICIBTS,9999999, , , ,2019-04-10,2020-04-15,2020-04-16,INACTIVE, , , 
S4423552,ICIBUAT,9999999, , , ,2020-01-15,2020-04-15,2020-04-15,ACTIVE, , , 
S4423552,ICIBWEB,9999999, , , ,2020-01-22,2020-04-15,2020-02-04,ACTIVE, , , 
S4423552,ICIBZL,9999999, , , ,2019-04-10,2020-04-15,2020-04-16,INACTIVE, , , 
S4423552,ICIBZM,9999999, , , ,2019-04-10,2020-04-15,2020-04-16,INACTIVE, , , 
S4423552,ICIBZMJP,9999999, , , ,2019-04-10,2020-03-20,2020-03-20,INACTIVE, , , 
S4423552,ICIBZMTL,9999999, , , ,2019-04-10,2020-04-15,2020-04-16,INACTIVE, , , 
S4423552,ICICCMBO,9999999, , , ,2019-10-04,2020-04-15,2020-04-16,INACTIVE, , , 
S4423552,ICIENQ,9999999, , , ,2019-09-04,2020-04-14,2020-04-14,INACTIVE, , , 
S4423552,ICIPRICE,9999999, , , ,2019-04-10,2020-04-15,2020-04-16,INACTIVE, , , 
S4423552,ICMODS,9999999, , , ,2012-03-29,2020-04-16,2020-04-15,ACTIVE, , , 
S4423552,IC38,0016764, , , ,2011-02-03,2020-04-15,2020-04-15,ACTIVE,ICIBCL, , 
S4423552,IC39,0024280, , , ,2018-08-17,2020-04-15,2020-04-15,ACTIVE,ICIBCL, , 
S4423552,IC44,0017554, , , ,2016-01-06,2020-04-15,2020-04-15,ACTIVE,ICIBDS, , 
S4423552,IC45,0017031, , , ,2018-08-27,2019-12-17,2020-02-04,INACTIVE,ICIBFCICI,E, 
S4423552,IC54,0023627, , , ,2018-05-10,2020-04-15,2020-04-15,ACTIVE,ICIBCL, , 
S4423552,IFBBIPROD,9999999, , , ,2020-04-08,2020-04-15,2020-04-15,ACTIVE, , , 
S4423552,IMS,9999999, , , ,1996-07-09,2020-03-20,2020-03-21,INACTIVE, , , 
S4423552,IM10,0000115, , , ,2006-06-05,2020-03-20,2020-03-20,ACTIVE, ,E, 
S4423552,IN06,0009075, , , ,2005-08-03,2020-04-15,2020-04-15,ACTIVE,EQNPROPGRP, , 
S4423552,IN11,0002041, , , ,1999-03-08,2020-04-14,2020-04-14,ACTIVE,EQNPROPGRP, , 
S4423552,IPG2,0013429, , , ,2008-01-29,2020-04-15,2020-04-15,ACTIVE,EQNPROPGRP, , 
S4423552,IPG6,0007667, , , ,2006-08-30,2020-04-13,2020-04-13,ACTIVE,EQNPROPGRP, , 
S4423552,IPG7,0015638, , , ,2008-12-01,2020-04-15,2020-04-15,ACTIVE,EQNPROPGRP, , 
S4423552,IPG8,0009068, , , ,2005-07-06,2020-04-15,2020-04-15,ACTIVE,EQNPROPGRP, , 
S4423552,IRPA,0001234, , , ,2018-09-26,2020-04-15,2020-04-15,ACTIVE,ICIBROBOT,E,E
S4423552,ITADMBATCH,9999999, , , ,2018-08-08,2020-04-16,2020-04-16,INACTIVE, ,P,P
S4423552,IT00,0099999, , , ,2011-02-07,2020-04-16,2020-04-16,ACTIVE, ,E,E
S4423552,IT01,0099999, , , ,2011-02-07,2020-04-15,2020-04-16,ACTIVE, , , 
S4423552,IT04,0000244, , , ,1998-04-03,2019-11-13,2020-04-16,INACTIVE,PBITEQTECH,E,E
S4423552,IT12,0099999, , , ,2000-08-22, ,2019-12-05,INACTIVE,PBAPPS,P, 
S4423552,IT15,9999999, , , ,2019-02-04,2019-02-04,2020-02-05,INACTIVE, , , 
S4423552,IT16,0013030, , , ,2002-11-04,2018-06-14,2020-04-15,INACTIVE,PBAPPS,P,P
S4423552,IT25,0021129, , , ,2016-08-08, ,2020-02-05,INACTIVE,PBAPPS,E,E
S4423552,IT27,0028430, , , ,2019-02-11, ,2020-02-05,INACTIVE,PBAPPS,E,E
S4423552,IT30,0015914, , , ,2009-07-01,2020-04-15,2020-04-16,INACTIVE,PBITEQTECH,P,P
S4423552,IT31,0013031, , , ,2002-03-01, ,2020-03-23,INACTIVE,PBAPPS,E,E
S4423552,IT360,9999999, , , ,2012-11-01,2020-04-15,2020-04-15,ACTIVE, , , 
S4423552,IT49,0021372, , , ,2010-02-02,2020-04-15,2020-04-16,INACTIVE,PBITEQTECH,P, 
S4423552,IT75,0015427, , , ,2008-08-01,2020-04-15,2020-04-15,ACTIVE,ICIBTECH,P,P
S4423552,IT84,0019252, , , ,2014-06-04, ,2020-01-27,INACTIVE,PBAPPS, , 
S4423552,IT88,0019190, , , ,2015-09-03,2020-02-04,2020-02-05,INACTIVE,PBAPPS,E,E
S4423552,IT94,0019548, , , ,2012-07-25, ,2020-02-05,INACTIVE,PBITDA, , 
S4423552,JDE,9999999, , , ,1989-10-04, ,2020-02-10,INACTIVE, , , 
S4423552,JDEINSTAL,9999999, , , ,1994-09-14, ,2019-12-05,INACTIVE, , , 
S4423552,JDEQ,9999999, , , ,1999-07-23, ,2019-12-05,INACTIVE, , , 
S4423552,JDETECH,9999999, , , ,1998-11-27, ,2019-12-09,INACTIVE, , , 
S4423552,KCB6,0023965, , , ,2018-07-06,2020-04-15,2020-04-15,ACTIVE,PBCIMAACT, , 
S4423552,KCB7,0024351, , , ,2018-09-14,2020-04-15,2020-04-15,ACTIVE,PBCIMAACT, , 
S4423552,KCC3,0016000, , , ,2016-12-20,2020-04-15,2020-04-15,ACTIVE,DCOLBADMIN,P,P
S4423552,KCD4,0020938, , , ,2017-06-15,2020-04-14,2020-04-14,ACTIVE,PBCLNTMNT, , 
S4423552,KC86,0010449, , , ,2014-09-05,2020-04-15,2020-04-15,ACTIVE,PBINFDOC,P,P
S4423552,LAKEVIEW,9999999, , , ,1999-06-21, ,2020-04-12,INACTIVE, , , 
S4423552,MARKD,9999999, , , ,2001-12-12,2019-12-05,2020-04-16,INACTIVE, , , 
S4423552,MAURITIUS,9999999, , , ,1998-05-05,2019-05-29,2020-03-24,INACTIVE, , , 
S4423552,MA15,0012774, , , ,2001-03-22,2020-04-15,2020-04-15,ACTIVE,ICIBFCSPR, , 
S4423552,MA24,0017719, , , ,2016-03-01,2020-04-15,2020-04-15,ACTIVE,ICIBFCENQ, , 
S4423552,MB05,0000862, , , ,1991-05-28,2020-04-15,2020-04-15,ACTIVE,ICIBBSF,E, 
S4423552,MB07,0012864, , , ,2007-04-30,2020-04-15,2020-04-15,ACTIVE,ICIBEX,E, 
S4423552,MB19,0012241, , , ,2012-05-28,2020-04-09,2020-04-09,ACTIVE,ICIBEX, , 
S4423552,MIMIX,9999999, , , ,1999-09-06, ,2019-11-28,INACTIVE, , , 
S4423552,MIMIXOWN,9999999, , , ,2001-06-04,2020-04-16,2020-04-16,ACTIVE, , , 
S4423552,MIMIX400,9999999, , , ,1999-04-30, ,2017-11-19,INACTIVE, , , 
S4423552,MQM,9999999, , , ,2007-02-14,2020-04-15,2019-09-20,INACTIVE, , , 
S4423552,MXOBJUSR,9999999, , , ,1999-04-30, ,2017-11-19,INACTIVE, , , 
S4423552,MXSWUSER,9999999, , , ,1999-04-30, ,2017-11-19,INACTIVE, , , 
S4423552,ONESOURCE,9999999, , , ,2005-01-17, ,2020-01-16,INACTIVE, , , 
S4423552,ONEWORLD,9999999, , , ,2001-08-02, ,2020-01-30,INACTIVE, , , 
S4423552,OPS,9999999, , , ,1989-04-13,2020-04-16,2020-04-16,ACTIVE, , , 
S4423552,OPS1,9999999, , , ,1989-05-10,2020-04-16,2020-04-16,ACTIVE, ,P,P
S4423552,OPS2,9999999, , , ,2016-02-09, ,2019-05-16,INACTIVE, , , 
S4423552,OPS3,9999999, , , ,2018-02-07,2020-04-14,2020-04-15,ACTIVE, , , 
S4423552,PBACC,9999999, , , ,2019-01-24,2020-04-15,2020-04-16,INACTIVE, ,E,E
S4423552,PBACCMAINT,9999999, , , ,2019-05-13,2020-04-15,2020-04-16,INACTIVE, ,E,E
S4423552,PBACLOSURE,9999999, , , ,2020-02-12,2020-04-15,2020-04-16,INACTIVE, ,E,E
S4423552,PBAPPS,9999999, , , ,2019-04-10,2020-04-15,2020-04-04,INACTIVE, , , 
S4423552,PBAUTH,9999999, , , ,2019-04-10,2020-04-15,2020-04-16,INACTIVE, ,E,E
S4423552,PBA1,0027859, , , ,2019-04-01,2020-04-14,2020-04-14,ACTIVE,PBREID, , 
S4423552,PBA2,0027525, , , ,2019-04-01,2020-04-14,2020-04-14,ACTIVE,PBREID, , 
S4423552,PBA3,0009180, , , ,2015-02-05,2020-04-15,2020-04-15,ACTIVE,DCOLBADMIN, ,E
S4423552,PBA5,0012533, , , ,2015-02-05,2020-04-15,2020-04-15,ACTIVE,PBINFDOC,P, 
S4423552,PBA6,0027862, , , ,2019-04-01,2020-04-14,2020-04-14,ACTIVE,PBREID, , 
S4423552,PBA7,0017569, , , ,2015-03-03,2020-04-15,2020-04-15,ACTIVE,DCOLBADMIN, , 
S4423552,PBBTT,9999999, , , ,2019-04-10,2020-04-15,2020-04-16,INACTIVE, , , 
S4423552,PBB4,0024282, , , ,2019-04-15,2020-04-14,2020-04-14,ACTIVE,PBREID, , 
S4423552,PBCCMBO,9999999, , , ,2019-04-10,2020-04-15,2020-04-16,INACTIVE, ,E,E
S4423552,PBCCMEC,9999999, , , ,2019-04-10,2020-04-08,2020-04-09,INACTIVE, ,E,E
S4423552,PBCCMIC,9999999, , , ,2019-04-10,2020-04-15,2020-04-16,INACTIVE, ,E,E
S4423552,PBCENTRAML,9999999, , , ,2020-03-23, ,2020-03-23,INACTIVE, , , 
S4423552,PBCIMAACT,9999999, , , ,2019-04-10,2020-04-15,2020-04-16,INACTIVE, , , 
S4423552,PBCLIEXIST,9999999, , , ,2019-04-10,2020-04-03,2020-04-04,INACTIVE, , , 
S4423552,PBCLNTMNT,9999999, , , ,2019-04-10,2020-04-15,2020-04-16,INACTIVE, , , 
S4423552,PBCMNTSER,9999999, , , ,2019-04-10,2020-04-15,2020-04-16,INACTIVE, , , 
S4423552,PBCOMP,9999999, , , ,2019-04-10, ,2019-06-10,INACTIVE, ,E,E
S4423552,PBCOMPCON,9999999, , , ,2019-04-10,2020-02-25,2020-02-26,INACTIVE, ,E,E
S4423552,PBCSC,9999999, , , ,2019-04-10,2019-08-26,2019-08-27,INACTIVE, , , 
S4423552,PBCSCAHTL,9999999, , , ,2019-04-10, ,2019-06-10,INACTIVE, , , 
S4423552,PBCSCCON,9999999, , , ,2019-04-10,2020-04-15,2020-04-16,INACTIVE, , , 
S4423552,PBCSCTL,9999999, , , ,2019-04-10, ,2019-06-10,INACTIVE, , , 
S4423552,PBDBTORDER,9999999, , , ,2019-05-17,2020-03-09,2020-03-10,INACTIVE, , , 
S4423552,PBEQNTEST,9999999, , , ,2019-04-10, ,2019-06-10,INACTIVE, ,E, 
S4423552,PBERM,9999999, , , ,2019-04-10,2019-09-09,2019-09-09,INACTIVE, ,E,E
S4423552,PBFINACC,9999999, , , ,2019-04-10,2020-04-08,2020-04-09,INACTIVE, , , 
S4423552,PBFINADMIN,9999999, , , ,2019-04-10,2020-04-15,2020-04-16,INACTIVE, , , 
S4423552,PBFINADOM,9999999, , , ,2019-06-05,2020-04-15,2020-04-16,INACTIVE, , , 
S4423552,PBINFDOC,9999999, , , ,2019-04-10,2020-04-15,2020-04-16,INACTIVE, , , 
S4423552,PBINFOMAIN,9999999, , , ,2019-04-10,2020-04-14,2020-04-15,INACTIVE, , , 
S4423552,PBINVMCON,9999999, , , ,2019-04-10,2020-04-15,2020-04-16,INACTIVE, , , 
S4423552,PBITDA,9999999, , , ,2019-04-10, ,2019-06-10,INACTIVE, , , 
S4423552,PBITEQTECH,9999999, , , ,2020-03-23,2020-04-15,2020-04-16,INACTIVE, , , 
S4423552,PBITPROD,9999999, , , ,2019-11-28,2020-04-16,2020-04-16,ACTIVE, , , 
S4423552,PBITSUP,9999999, , , ,2013-09-03,2020-04-15,2020-04-06,INACTIVE, , , 
S4423552,PBITUAT,9999999, , , ,2020-01-15,2020-04-16,2020-04-14,ACTIVE, , , 
S4423552,PBLEGAR,9999999, , , ,2019-04-10, ,2019-06-04,INACTIVE, , , 
S4423552,PBOPSCOMPL,9999999, , , ,2020-04-02, ,2020-04-02,INACTIVE, , , 
S4423552,PBPAYMENTS,9999999, , , ,2019-04-10,2020-04-15,2020-04-16,INACTIVE, , , 
S4423552,PBQA,9999999, , , ,2019-04-10,2020-04-15,2020-04-16,INACTIVE, , , 
S4423552,PBQDISPUTE,9999999, , , ,2019-04-10,2020-04-15,2020-04-16,INACTIVE, , , 
S4423552,PBREGOPS,9999999, , , ,2019-04-10,2020-04-15,2020-04-16,INACTIVE, ,E,E
S4423552,PBREID,9999999, , , ,2019-04-10,2020-04-15,2020-04-16,INACTIVE, ,E,E
S4423552,PBR4,0023786, , , ,2019-01-15,2020-04-15,2020-04-15,ACTIVE,PBREID, , 
S4423552,PBR5,0023787, , , ,2019-01-15,2020-04-14,2020-04-14,ACTIVE,PBREID, , 
S4423552,PBR7,0026301, , , ,2019-01-15,2019-12-10,2020-01-10,INACTIVE,PBREID, , 
S4423552,PBR9,0027508, , , ,2019-01-15,2020-04-15,2020-04-15,ACTIVE,PBREID, , 
S4423552,PBSALESADM,9999999, , , ,2019-12-06,2020-02-26,2020-03-05,INACTIVE, , , 
S4423552,PBS1,0024289, , , ,2019-01-15,2020-04-15,2020-04-15,ACTIVE,PBREID,E,E
S4423552,PBTRANSMON,9999999, , , ,2019-04-10,2020-04-15,2020-04-16,INACTIVE, , , 
S4423552,PBU4,0029299, , , ,2019-04-01,2020-04-14,2020-04-14,ACTIVE,PBREID, , 
S4423552,PBW2,0031346, , , ,2019-06-06,2020-04-15,2020-04-15,ACTIVE,PBREGOPS, , 
S4423552,PB07,0004078, , , ,2019-10-31,2020-03-26,2020-03-26,ACTIVE,PBCCMEC, , 
S4423552,PC13,0001853, , , ,2008-04-25,2020-04-15,2020-04-15,ACTIVE,PBCMNTSER,E, 
S4423552,PC18,0016137, , , ,2012-10-30,2020-01-14,2020-02-14,INACTIVE,PBBTT,E, 
S4423552,PC22,0019208, , , ,2016-05-13,2020-04-15,2020-04-15,ACTIVE,PBBTT, , 
S4423552,PC33,0016616, , , ,2016-07-27,2020-03-26,2020-03-26,ACTIVE,PBCMNTSER,E, 
S4423552,PC35,0027855, , , ,2019-01-09,2020-04-15,2020-04-15,ACTIVE,PBCLNTMNT, , 
S4423552,PE02,0013084, , , ,2007-08-01,2020-04-15,2020-04-15,ACTIVE,PBCCMIC,E, 
S4423552,PE14,0011000, , , ,2009-10-01,2020-04-14,2020-04-14,ACTIVE,PBBTT, , 
S4423552,PF09,0004679, , , ,2013-05-07,2020-03-25,2020-03-25,ACTIVE,PBFINADMIN,P,P
S4423552,PF13,0016235, , , ,2018-08-21,2020-04-15,2020-04-15,ACTIVE,ICIBFCBKN, , 
S4423552,PF14,0002650, , , ,1999-01-14,2020-04-15,2020-04-15,ACTIVE,ICIBFCBKN, , 
S4423552,PF15,0018442, , , ,2013-07-01,2020-04-08,2020-04-08,ACTIVE,PBFINACC, ,E
S4423552,PF16,0003849, , , ,2019-04-25,2020-04-15,2020-04-15,ACTIVE,PBFINACC, , 
S4423552,PF40,0020834, , , ,2016-04-11,2020-04-15,2020-04-15,ACTIVE,PBFINADMIN,P,P
S4423552,PF41,0021102, , , ,2016-07-14,2020-04-15,2020-04-15,ACTIVE,PBFINADMIN,P, 
S4423552,PF42,0020703, , , ,2016-09-22,2020-04-15,2020-04-15,ACTIVE,ICIBFCBKN, , 
S4423552,PF52,0022498, , , ,2017-09-11,2020-04-07,2020-04-07,ACTIVE,ICIBFCENQ, , 
S4423552,PHLOPE,9999999, , , ,2013-04-23,2020-03-13,2020-04-16,INACTIVE, , , 
S4423552,PJ99,0012345, , , ,2019-08-29,2019-08-29,2019-08-29,INACTIVE,PBACC, , 
S4423552,PROUSSEAU,9999999, , , ,2017-12-05,2020-04-15,2020-04-15,ACTIVE, , , 
S4423552,PROUSSEAU2,9999999, , , ,2018-06-26,2020-04-05,2020-04-05,ACTIVE, , , 
S4423552,PS02,0011319, , , ,2011-02-15,2020-04-06,2020-04-06,ACTIVE,ICIBFCENQ, , 
S4423552,PS03,0018439, , , ,2013-07-01,2020-04-14,2020-04-14,ACTIVE,ICIBFCENQ, , 
S4423552,PT03,0001849, , , ,2007-06-04,2020-04-15,2020-04-15,ACTIVE,PBBTT, , 
S4423552,PT08,0016316, , , ,2012-05-21,2020-04-14,2020-04-14,ACTIVE,PBCCMIC,E,E
S4423552,PT23,0011927, , , ,2009-09-09,2020-04-15,2020-04-15,ACTIVE,PBBTT, , 
S4423552,PT40,0021735, , , ,2016-12-12,2020-01-02,2020-01-02,INACTIVE,PBBTT, , 
S4423552,PT41,0023796, , , ,2018-07-03,2019-10-10,2019-11-10,INACTIVE,PBCCMIC, , 
S4423552,QAFDFTUSR,9999999, , , ,2001-11-25, ,2017-11-19,INACTIVE, , , 
S4423552,QAFOWN,9999999, , , ,2001-11-25, ,2020-04-12,INACTIVE, , , 
S4423552,QAFUSR,9999999, , , ,2001-11-25, ,2017-11-19,INACTIVE, , , 
S4423552,QANZAGENT,9999999, , , ,2017-05-21, ,2017-11-19,ACTIVE, , , 
S4423552,QAUTPROF,9999999, , , ,2017-05-21, ,2020-04-15,ACTIVE, , , 
S4423552,QBRMS,9999999, , , ,2017-05-21,2020-04-16,2020-04-16,ACTIVE, , , 
S4423552,QCLUMGT,9999999, , , ,2017-05-21, ,2017-11-19,INACTIVE, , , 
S4423552,QCLUSTER,9999999, , , ,2017-05-21, ,2018-12-09,ACTIVE, , , 
S4423552,QCOLSRV,9999999, , , ,2017-05-21, ,2020-04-16,ACTIVE, , , 
S4423552,QDBSHR,9999999, , , ,2017-05-21, ,2020-04-16,ACTIVE, , , 
S4423552,QDBSHRDO,9999999, , , ,2017-05-21, ,2020-04-16,ACTIVE, , , 
S4423552,QDFTOWN,9999999, , , ,2017-05-21, ,2020-04-15,ACTIVE, , , 
S4423552,QDIRSRV,9999999, , , ,2017-05-21,2020-04-12,2020-04-16,ACTIVE, , , 
S4423552,QDLFM,9999999, , , ,2017-05-21, ,2017-11-19,ACTIVE, , , 
S4423552,QDOC,9999999, , , ,2017-05-21, ,2020-04-16,ACTIVE, , , 
S4423552,QDSNX,9999999, , , ,2017-05-21, ,2019-09-18,ACTIVE, , , 
S4423552,QEJB,9999999, , , ,2017-05-21, ,2017-11-19,ACTIVE, , , 
S4423552,QEJBSVR,9999999, , , ,2017-05-21, ,2019-10-20,ACTIVE, , , 
S4423552,QFNC,9999999, , , ,2017-05-21, ,2019-09-18,ACTIVE, , , 
S4423552,QFTE,9999999, , , ,2012-10-29,2017-11-19,2020-04-16,INACTIVE, , , 
S4423552,QGATE,9999999, , , ,2017-05-21, ,2017-11-19,ACTIVE, , , 
S4423552,QIBMHELP,9999999, , , ,2017-05-21, ,2017-11-19,ACTIVE, , , 
S4423552,QIDOCTOR,9999999, , , ,2011-11-23, ,2018-12-09,INACTIVE, , , 
S4423552,QIPP,9999999, , , ,2017-05-21, ,2017-11-19,ACTIVE, , , 
S4423552,QLPAUTO,9999999, , , ,2017-05-21,2017-11-19,2017-11-19,ACTIVE, , , 
S4423552,QLPINSTALL,9999999, , , ,2017-05-21,2017-11-19,2020-04-14,ACTIVE, , , 
S4423552,QLWISVR,9999999, , , ,2017-05-21,2020-04-12,2020-04-12,ACTIVE, , , 
S4423552,QMFT,9999999, , , ,2017-11-19,2020-04-15,2020-04-16,ACTIVE, , , 
S4423552,QMGTC,9999999, , , ,2017-05-21, ,2017-11-19,ACTIVE, , , 
S4423552,QMQM,9999999, , , ,1997-03-10,2020-04-16,2020-04-16,ACTIVE, , , 
S4423552,QMQMADM,9999999, , , ,2005-08-26,2020-04-16,2020-04-16,ACTIVE, , , 
S4423552,QMQMMQI,9999999, , , ,2017-08-11,2020-04-15,2019-09-17,INACTIVE, , , 
S4423552,QMSF,9999999, , , ,2017-05-21,2020-04-12,2020-04-16,ACTIVE, , , 
S4423552,QNETSPLF,9999999, , , ,2017-05-21, ,2017-11-19,ACTIVE, , , 
S4423552,QNFSANON,9999999, , , ,2017-05-21, ,2017-11-19,ACTIVE, , , 
S4423552,QNTP,9999999, , , ,2017-05-21,2020-04-12,2020-04-15,ACTIVE, , , 
S4423552,QOTHPRDOWN,9999999, , , ,1990-04-23, ,2019-12-09,INACTIVE, , , 
S4423552,QPEX,9999999, , , ,2017-05-21, ,2019-10-20,ACTIVE, , , 
S4423552,QPGMR,9999999, , , ,2017-05-21,2020-04-15,2020-04-16,ACTIVE, , , 
S4423552,QPM400,9999999, , , ,2017-05-21,2020-04-12,2019-09-18,ACTIVE, , , 
S4423552,QRJE,9999999, , , ,2017-05-21, ,2019-12-05,INACTIVE, , , 
S4423552,QRMTCAL,9999999, , , ,1996-06-15, ,2017-11-19,INACTIVE, , , 
S4423552,QSEC,9999999, , , ,1991-03-18, ,2017-11-19,INACTIVE, , , 
S4423552,QSECOFR,9999999, , , ,2017-05-21,2020-04-16,2020-04-16,ACTIVE, , , 
S4423552,QSERV,9999999, , , ,1996-11-07, ,2017-11-19,INACTIVE, , , 
S4423552,QSNADS,9999999, , , ,2017-05-21, ,2020-04-16,ACTIVE, , , 
S4423552,QSPL,9999999, , , ,2017-05-21, ,2020-04-15,ACTIVE, , , 
S4423552,QSPLJOB,9999999, , , ,2017-05-21,2020-04-13,2020-04-16,ACTIVE, , , 
S4423552,QSRV,9999999, , , ,2017-05-21, ,2020-04-15,ACTIVE, , , 
S4423552,QSRVAGT,9999999, , , ,2017-05-21,2020-04-12,2020-04-12,ACTIVE, , , 
S4423552,QSRVBAS,9999999, , , ,2017-05-21, ,2020-04-15,ACTIVE, , , 
S4423552,QSVCDRCTR,9999999, , , ,2001-11-28, ,2017-11-19,INACTIVE, , , 
S4423552,QSYS,9999999, , , ,2017-05-21,2020-04-16,2020-04-16,ACTIVE, , , 
S4423552,QSYSOPR,9999999, , , ,2017-05-21,2020-04-12,2020-04-16,INACTIVE, , , 
S4423552,QTCM,9999999, , , ,2017-05-21, ,2017-11-19,INACTIVE, , , 
S4423552,QTCP,9999999, , , ,2017-05-21,2020-04-16,2020-04-16,ACTIVE, , , 
S4423552,QTFTP,9999999, , , ,2017-05-21,2019-05-05,2019-05-05,ACTIVE, , , 
S4423552,QTMHHTP1,9999999, , , ,2017-05-21, ,2019-05-05,ACTIVE, , , 
S4423552,QTMHHTTP,9999999, , , ,2017-05-21,2020-04-16,2020-04-16,ACTIVE, , , 
S4423552,QTMPLPD,9999999, , , ,1995-05-22,2020-04-16,2017-11-19,ACTIVE, , , 
S4423552,QTSTRQS,9999999, , , ,2017-05-21, ,2017-11-19,ACTIVE, , , 
S4423552,QUMB,9999999, , , ,1996-06-15, ,2017-11-19,INACTIVE, , , 
S4423552,QUSER,9999999, , , ,2017-05-21,2020-04-16,2020-04-16,INACTIVE, ,E,E
S4423552,QWEBADMIN,9999999, , , ,2017-05-21,2020-04-12,2020-04-16,INACTIVE, , , 
S4423552,QWSERVICE,9999999, , , ,2017-05-21, ,2017-11-19,ACTIVE, , , 
S4423552,QYCMCIMOM,9999999, , , ,2017-05-21, ,2017-11-19,ACTIVE, , , 
S4423552,QYPSJSVR,9999999, , , ,2017-05-21,2020-04-12,2020-04-12,ACTIVE, , , 
S4423552,RB12,0010865, , , ,2013-04-18,2020-04-15,2020-04-15,ACTIVE,PBAUTH,P, 
S4423552,RB15,0019264, , , ,2014-06-09,2020-04-15,2020-04-15,ACTIVE,PBPAYMENTS,P,P
S4423552,RB25,0020318, , , ,2015-09-08,2020-04-15,2020-04-15,ACTIVE,PBPAYMENTS,P,P
S4423552,RB33,0020983, , , ,2016-06-02,2020-04-15,2020-04-15,ACTIVE,PBPAYMENTS,P,P
S4423552,RB40,0022945, , , ,2017-09-13,2020-04-07,2020-04-07,ACTIVE,PBQA,E, 
S4423552,RB42,0019600, , , ,2019-02-18,2019-12-13,2020-01-13,INACTIVE,PBQA,E, 
S4423552,RB43,0013788, , , ,2019-06-05,2019-10-09,2019-11-09,INACTIVE,PBQA, , 
S4423552,RECON,9999999, , , ,2014-07-31,2020-04-16,2020-04-15,ACTIVE, ,E,E
S4423552,RE03,0022831, , , ,2019-04-15,2019-11-04,2019-12-05,INACTIVE,EQNINVBUS, , 
S4423552,RE05,0003022, , , ,2014-06-10,2020-03-25,2020-03-25,ACTIVE,EQNINVBUS,E,E
S4423552,RISK01,9999999, , , ,2004-04-01,2020-04-15,2020-04-08,ACTIVE, , , 
S4423552,SBRECONS,9999999, , , ,2019-04-10,2020-04-03,2020-04-03,INACTIVE, , , 
S4423552,SD12,0043074, , , ,2013-09-03,2020-04-09,2020-04-10,ACTIVE, , , 
S4423552,SD20,0018764, , , ,2014-01-03,2019-09-17,2020-02-10,INACTIVE, , , 
S4423552,SD24,0018704, , , ,2014-04-30,2020-04-15,2020-04-16,ACTIVE, , , 
S4423552,SD25,0018759, , , ,2014-07-15,2020-02-12,2020-04-10,INACTIVE, , , 
S4423552,SD26,9999999, , , ,2014-09-02,2020-03-24,2020-03-25,ACTIVE, , , 
S4423552,SD30,9999999, , , ,2019-02-11,2020-04-15,2020-04-16,ACTIVE, , , 
S4423552,SD34,9999999, , , ,2016-07-14,2020-04-09,2020-04-10,ACTIVE, , , 
S4423552,SD36,9999999, , , ,2017-05-19,2020-04-15,2020-04-16,ACTIVE, , , 
S4423552,SD37,9999999, , , ,2017-05-19,2020-04-15,2020-04-10,ACTIVE, , , 
S4423552,SD38,9999999, , , ,2017-05-19,2020-04-15,2020-04-16,ACTIVE, , , 
S4423552,SD41,9999999, , , ,2017-06-14,2020-04-15,2020-04-16,ACTIVE, , , 
S4423552,SD43,9999999, , , ,2018-06-26,2020-04-07,2020-04-15,ACTIVE, , , 
S4423552,SD44,9999999, , , ,2019-02-25,2020-04-15,2020-04-16,ACTIVE, , , 
S4423552,SECLEGAL,9999999, , , ,1991-07-03, ,2019-09-09,INACTIVE, , , 
S4423552,SECURITIES,9999999, , , ,1998-11-04,2020-03-20,2019-09-09,INACTIVE, , , 
S4423552,SF4USRP,9999999, , , ,1998-09-21, ,2017-11-19,INACTIVE, , , 
S4423552,SSSCHEQN,9999999, , , ,2019-04-10,2020-04-01,2020-04-02,INACTIVE, , , 
S4423552,TCMCE,9999999, , , ,2001-12-11, ,2020-04-16,INACTIVE, , , 
S4423552,TCMECS,9999999, , , ,2001-12-11, ,2020-04-16,INACTIVE, , , 
S4423552,TDCOLBADMI,9999999, , , ,2019-06-10, ,2019-09-09,INACTIVE, , , 
S4423552,TEQNGRPFIN,9999999, , , ,2019-06-10, ,2019-09-09,INACTIVE, , , 
S4423552,TEQNHRENQ,9999999, , , ,2019-06-10, ,2019-09-09,INACTIVE, , , 
S4423552,TEQNINVBUS,9999999, , , ,2019-06-10, ,2019-09-09,INACTIVE, , , 
S4423552,TEQNPROPGR,9999999, , , ,2019-06-10, ,2019-09-09,INACTIVE, , , 
S4423552,TF09,0016377, , , ,2011-05-23,2019-09-25,2019-10-26,INACTIVE,ICIBEX, , 
S4423552,TF11,0017168, , , ,2011-03-02,2020-04-15,2020-04-15,ACTIVE,ICIBIO,E,E
S4423552,TF12,0009178, , , ,1997-02-10,2020-04-15,2020-04-15,ACTIVE,ICIBTS,E, 
S4423552,TF14,0017196, , , ,2011-03-15,2020-04-15,2020-04-15,ACTIVE,ICIBIO,E, 
S4423552,TF44,0018021, , , ,2015-08-24,2020-04-09,2020-04-09,ACTIVE,ICIBTS, , 
S4423552,TGRCSC,9999999, , , ,2019-06-10, ,2019-09-09,INACTIVE, , , 
S4423552,TGRFINADMI,9999999, , , ,2019-06-10, ,2019-09-09,INACTIVE, , , 
S4423552,TICIBBSF,9999999, , , ,2019-05-29, ,2019-09-09,INACTIVE, , , 
S4423552,TICIBCC,9999999, , , ,2019-05-29, ,2019-09-09,INACTIVE, , , 
S4423552,TICIBCL,9999999, , , ,2019-05-29, ,2019-09-09,INACTIVE, , , 
S4423552,TICIBCO,9999999, , , ,2019-05-29, ,2019-09-09,INACTIVE, , , 
S4423552,TICIBCOTM,9999999, , , ,2019-09-06, ,2019-11-20,INACTIVE, , , 
S4423552,TICIBCR,9999999, , , ,2019-05-29, ,2019-09-09,INACTIVE, , , 
S4423552,TICIBDS,9999999, , , ,2019-05-21, ,2019-09-09,INACTIVE, , , 
S4423552,TICIBDSS,9999999, , , ,2019-05-21, ,2019-09-09,INACTIVE, , , 
S4423552,TICIBEX,9999999, , , ,2019-05-29, ,2019-09-09,INACTIVE, , , 
S4423552,TICIBFCBKN,9999999, , , ,2019-05-29, ,2019-09-09,INACTIVE, , , 
S4423552,TICIBFCENQ,9999999, , , ,2019-05-29, ,2019-09-09,INACTIVE, , , 
S4423552,TICIBFCICI,9999999, , , ,2019-05-29, ,2019-09-09,INACTIVE, , , 
S4423552,TICIBFCSPR,9999999, , , ,2019-05-29, ,2019-09-09,INACTIVE, , , 
S4423552,TICIBFXI,9999999, , , ,2019-05-29, ,2019-09-09,INACTIVE, , , 
S4423552,TICIBFXOP,9999999, , , ,2019-05-29, ,2019-09-09,INACTIVE, , , 
S4423552,TICIBIO,9999999, , , ,2019-05-29, ,2019-09-09,INACTIVE, , , 
S4423552,TICIBOPSME,9999999, , , ,2019-05-29, ,2019-09-09,INACTIVE, , , 
S4423552,TICIBPSUP,9999999, , , ,2019-05-29, ,2019-09-09,INACTIVE, , , 
S4423552,TICIBRECON,9999999, , , ,2019-05-29, ,2019-09-09,INACTIVE, , , 
S4423552,TICIBROBOT,9999999, , , ,2019-05-29, ,2019-09-09,INACTIVE, , , 
S4423552,TICIBSF,9999999, , , ,2019-05-29, ,2019-09-09,INACTIVE, , , 
S4423552,TICIBSFCO,9999999, , , ,2019-05-29, ,2019-09-09,INACTIVE, , , 
S4423552,TICIBSMART,9999999, , , ,2019-05-29, ,2019-09-09,INACTIVE, , , 
S4423552,TICIBSR,9999999, , , ,2019-05-29, ,2019-09-09,INACTIVE, , , 
S4423552,TICIBTBSUP,9999999, , , ,2019-05-29, ,2019-09-09,INACTIVE, , , 
S4423552,TICIBTECH,9999999, , , ,2019-05-29, ,2019-09-09,INACTIVE, , , 
S4423552,TICIBTS,9999999, , , ,2019-05-29, ,2019-09-09,INACTIVE, , , 
S4423552,TICIBZL,9999999, , , ,2019-05-29, ,2019-09-09,INACTIVE, , , 
S4423552,TICIBZM,9999999, , , ,2019-05-29, ,2019-09-09,INACTIVE, , , 
S4423552,TICIBZMJP,9999999, , , ,2019-05-29, ,2019-09-09,INACTIVE, , , 
S4423552,TICIBZMTL,9999999, , , ,2019-05-29, ,2019-09-09,INACTIVE, , , 
S4423552,TICICCMBO,9999999, , , ,2019-10-04, ,2019-10-04,INACTIVE, , , 
S4423552,TICIENQ,9999999, , , ,2019-09-06, ,2019-09-09,INACTIVE, , , 
S4423552,TICIPRICE,9999999, , , ,2019-05-29, ,2019-09-09,INACTIVE, , , 
S4423552,TOMSGRCV,9999999, , , ,2006-11-13, ,2020-01-23,INACTIVE, , , 
S4423552,TPBACC,9999999, , , ,2019-05-30, ,2019-09-09,INACTIVE, , , 
S4423552,TPBAPPS,9999999, , , ,2019-05-30, ,2019-09-09,INACTIVE, , , 
S4423552,TPBAUTH,9999999, , , ,2019-06-10, ,2019-09-09,INACTIVE, , , 
S4423552,TPBBTT,9999999, , , ,2019-06-10, ,2019-09-09,INACTIVE, , , 
S4423552,TPBCCMBO,9999999, , , ,2019-05-28, ,2019-09-09,INACTIVE, , , 
S4423552,TPBCCMEC,9999999, , , ,2019-06-10, ,2019-09-09,INACTIVE, , , 
S4423552,TPBCCMIC,9999999, , , ,2019-06-10, ,2019-09-09,INACTIVE, , , 
S4423552,TPBCIMAACT,9999999, , , ,2019-05-30, ,2019-09-09,INACTIVE, , , 
S4423552,TPBCLIEXIS,9999999, , , ,2019-05-16, ,2019-09-09,INACTIVE, , , 
S4423552,TPBCLNTMNT,9999999, , , ,2019-06-10, ,2019-09-09,INACTIVE, , , 
S4423552,TPBCMNTSER,9999999, , , ,2019-05-30, ,2019-09-09,INACTIVE, , , 
S4423552,TPBCOMP,9999999, , , ,2019-06-10, ,2019-09-09,INACTIVE, , , 
S4423552,TPBCOMPCON,9999999, , , ,2019-05-30, ,2019-09-09,INACTIVE, , , 
S4423552,TPBCSC,9999999, , , ,2019-06-10, ,2019-09-09,INACTIVE, , , 
S4423552,TPBCSCAHTL,9999999, , , ,2019-06-10, ,2019-09-09,INACTIVE, , , 
S4423552,TPBCSCCON,9999999, , , ,2019-06-04, ,2019-09-09,INACTIVE, , , 
S4423552,TPBCSCTL,9999999, , , ,2019-06-10, ,2019-09-09,INACTIVE, , , 
S4423552,TPBEQNTEST,9999999, , , ,2019-06-10, ,2019-09-09,INACTIVE, , , 
S4423552,TPBERM,9999999, , , ,2019-06-04, ,2019-09-09,INACTIVE, , , 
S4423552,TPBFINACC,9999999, , , ,2019-06-04, ,2019-09-09,INACTIVE, , , 
S4423552,TPBFINADMI,9999999, , , ,2019-05-28, ,2019-09-09,INACTIVE, , , 
S4423552,TPBINFDOC,9999999, , , ,2019-05-17, ,2019-09-09,INACTIVE, , , 
S4423552,TPBINFOMAI,9999999, , , ,2019-06-04, ,2019-09-09,INACTIVE, , , 
S4423552,TPBINVMCON,9999999, , , ,2019-06-04, ,2019-09-09,INACTIVE, , , 
S4423552,TPBITDA,9999999, , , ,2019-06-10, ,2019-09-09,INACTIVE, , , 
S4423552,TPBITSUP,9999999, , , ,2019-06-26, ,2019-09-09,INACTIVE, , , 
S4423552,TPBLEGAR,9999999, , , ,2019-06-04, ,2019-09-09,INACTIVE, , , 
S4423552,TPBOPSCOMP,9999999, , , ,2020-04-02, ,2020-04-02,INACTIVE, , , 
S4423552,TPBPAYMENT,9999999, , , ,2019-05-28, ,2019-09-09,INACTIVE, , , 
S4423552,TPBQA,9999999, , , ,2019-05-17, ,2019-09-09,INACTIVE, , , 
S4423552,TPBQDISPUT,9999999, , , ,2019-06-10, ,2019-09-09,INACTIVE, , , 
S4423552,TPBREGOPS,9999999, , , ,2019-06-04, ,2019-09-09,INACTIVE, , , 
S4423552,TPBREID,9999999, , , ,2019-05-28, ,2019-09-09,INACTIVE, , , 
S4423552,TPBTRANSMO,9999999, , , ,2019-06-04, ,2019-09-09,INACTIVE, , , 
S4423552,TRADE,9999999, , , ,1989-04-24,2019-06-10,2020-03-24,INACTIVE, , , 
S4423552,TRA1,0019397, , , ,2017-07-07,2019-12-17,2020-01-30,INACTIVE,PBCLIEXIST, , 
S4423552,TRA2,0019662, , , ,2018-07-17,2020-04-15,2020-04-15,ACTIVE,ICIBFCBKN, , 
S4423552,TRA3,0024350, , , ,2019-01-14,2020-04-14,2020-04-14,ACTIVE,ICIBCO, , 
S4423552,TRA6,0020605, , , ,2018-01-30,2020-04-15,2020-04-15,ACTIVE,PBINFDOC,P,P
S4423552,TRA7,0019575, , , ,2019-02-26,2020-04-14,2020-04-14,ACTIVE,ICIBCM, , 
S4423552,TRA8,0021622, , , ,2018-01-10,2020-04-15,2020-04-15,ACTIVE,PBACLOSURE, ,P
S4423552,TRA9,0028801, , , ,2019-04-01,2020-01-30,2020-03-01,INACTIVE,ICIBFCBKN, , 
S4423552,TRB3,0022409, , , ,2018-07-09,2020-04-15,2020-04-15,ACTIVE,ICIBCM, , 
S4423552,TRB5,0011350, , , ,2010-05-13,2020-04-15,2020-04-15,ACTIVE,ICIBZL,P, 
S4423552,TRB6,0020904, , , ,2018-07-09,2020-04-14,2020-04-14,ACTIVE,ICIBCM, , 
S4423552,TRB7,0012866, , , ,2015-01-22,2020-04-15,2020-04-15,ACTIVE,ICIBCO, , 
S4423552,TRC1,0021941, , , ,2018-11-19,2020-04-15,2020-04-15,ACTIVE,ICIBIO,E, 
S4423552,TRD5,0024145, , , ,2018-08-03,2020-04-14,2020-04-14,ACTIVE,PBCCMBO,P, 
S4423552,TRD6,0023574, , , ,2018-04-13,2020-04-03,2020-04-03,ACTIVE,PBCLIEXIST, , 
S4423552,TREASURY,9999999, , , ,1991-07-03,2019-08-06,2020-02-26,INACTIVE, , , 
S4423552,TRE1,0016456, , , ,2010-05-13,2020-04-15,2020-04-15,ACTIVE,ICIBDS,E, 
S4423552,TRE2,0016522, , , ,2010-03-23,2020-04-14,2020-04-14,ACTIVE,ICIBTS,E, 
S4423552,TRE5,0011922, , , ,2013-07-29,2020-04-15,2020-04-15,ACTIVE,ICIBFCBKN,P,P
S4423552,TRE9,0017038, , , ,2011-02-04,2020-04-15,2020-04-15,ACTIVE,ICIBZM,P,P
S4423552,TRG1,0015448, , , ,2013-10-02,2020-03-26,2020-03-26,ACTIVE,ICIBSFCO,P,P
S4423552,TRG6,0018719, , , ,2014-04-25,2020-04-15,2020-04-15,ACTIVE,PBCCMIC, , 
S4423552,TRH6,0016855, , , ,2014-08-05,2020-04-15,2020-04-15,ACTIVE,ICIBCM, , 
S4423552,TRM3,0015300, , , ,2016-01-19,2020-04-15,2020-04-15,ACTIVE,ICIBSFCO,E, 
S4423552,TRM4,0018210, , , ,2016-02-12,2020-04-09,2020-04-09,INACTIVE,ICIBIO,E, 
S4423552,TRM9,0020799, , , ,2016-04-04,2020-04-15,2020-04-15,ACTIVE,PBINFDOC,P,P
S4423552,TRP1,0021293, , , ,2016-07-28,2020-04-15,2020-04-15,ACTIVE,ICIBIO,E, 
S4423552,TRR4,0021576, , , ,2019-04-26,2020-04-08,2020-04-08,ACTIVE,PBFINACC, , 
S4423552,TRR6,0026282, , , ,2018-09-18,2020-04-15,2020-04-15,ACTIVE,ICIBFCBKN, , 
S4423552,TRR8,0020759, , , ,2018-03-26,2020-04-08,2020-04-08,ACTIVE,ICIBFCBKN, , 
S4423552,TRS1,0019670, , , ,2017-05-15,2020-04-15,2020-04-15,ACTIVE,PBBTT, , 
S4423552,TRS2,0022188, , , ,2017-05-18,2019-12-06,2020-02-04,INACTIVE,PBACCMAINT,P,P
S4423552,TRS7,0007124, , , ,2017-05-29,2020-03-13,2020-04-13,INACTIVE,ICIBCC, , 
S4423552,TRT1,0020907, , , ,2017-06-14,2020-04-09,2020-04-09,ACTIVE,PBCLNTMNT, , 
S4423552,TRT3,0021431, , , ,2017-07-04,2020-04-02,2020-04-02,ACTIVE,PBCCMBO, , 
S4423552,TRT5,0017010, , , ,2017-07-05,2019-09-23,2020-01-30,INACTIVE,PBCLIEXIST, , 
S4423552,TRV3,0022406, , , ,2017-08-31,2020-04-02,2020-04-02,ACTIVE,PBFINACC, , 
S4423552,TRV6,0017184, , , ,2017-09-18,2020-03-24,2020-03-24,ACTIVE,PBQA, , 
S4423552,TR01,0000844, , , ,1989-04-24,2020-04-15,2020-04-15,ACTIVE,ICIBOPSME,E, 
S4423552,TR03,0009314, , , ,2004-04-08,2020-04-02,2020-04-02,ACTIVE,ICIBBSF, , 
S4423552,TR04,0017408, , , ,2018-10-05,2020-04-03,2020-04-03,ACTIVE,ICIBBSF, , 
S4423552,TR09,0001951, , , ,1998-10-01,2020-04-15,2020-04-15,ACTIVE,ICIBBSF,E, 
S4423552,TR10,0017450, , , ,2011-08-29,2020-04-15,2020-04-15,ACTIVE,ICIBDSS, , 
S4423552,TR12,0031332, , , ,2019-06-07,2020-03-06,2020-04-06,INACTIVE,ICIBFCENQ, , 
S4423552,TR14,0020640, , , ,2019-02-04,2020-04-02,2020-04-02,ACTIVE,ICIBBSF, , 
S4423552,TR16,0031371, , , ,2019-06-20,2019-11-18,2019-12-19,INACTIVE,PBREGOPS, , 
S4423552,TR17,0018399, , , ,2018-09-11,2020-04-15,2020-04-15,ACTIVE,PBQA, , 
S4423552,TR21,0011666, , , ,2006-05-03,2020-04-15,2020-04-15,ACTIVE,ICIBFCBKN, , 
S4423552,TR23,0016148, , , ,2009-05-28,2020-04-15,2020-04-15,ACTIVE,PBBTT,E,E
S4423552,TR24,0015507, , , ,2018-07-20,2020-04-15,2020-04-15,ACTIVE,PBBTT, , 
S4423552,TR28,0010306, , , ,2012-05-07,2020-04-15,2020-04-15,ACTIVE,PBINFDOC,P,P
S4423552,TR32,0013546, , , ,2008-01-15,2020-04-15,2020-04-15,ACTIVE,ICIBZM,P,P
S4423552,TR36,0010382, , , ,2005-01-13,2020-04-15,2020-04-15,ACTIVE,ICIBIO,E, 
S4423552,TR37,0011447, , , ,2008-01-31,2020-04-15,2020-04-15,ACTIVE,ICIBCO, , 
S4423552,TR38,0020261, , , ,2018-08-30,2020-04-15,2020-04-15,ACTIVE,ICIBIO,E, 
S4423552,TR41,0001475, , , ,1998-03-16,2020-04-15,2020-04-15,ACTIVE,ICIBZM,P, 
S4423552,TR47,0013748, , , ,2018-11-01,2020-04-07,2020-04-07,ACTIVE,ICIBFCENQ, , 
S4423552,TR49,0026436, , , ,2018-11-13,2020-04-15,2020-04-15,ACTIVE,ICIBFCENQ, , 
S4423552,TR56,0010473, , , ,2011-07-22,2020-01-07,2020-02-07,INACTIVE,SBRECONS,E,E
S4423552,TR58,0013315, , , ,2020-02-03,2020-04-15,2020-04-15,ACTIVE,PBQA, , 
S4423552,TR74,0001615, , , ,2001-01-10,2020-04-15,2020-04-15,ACTIVE,ICIBCO, , 
S4423552,TR76,0015822, , , ,2010-12-06,2020-04-15,2020-04-15,ACTIVE,ICIBFCBKN, , 
S4423552,TR77,0015630, , , ,2008-12-15,2020-04-15,2020-04-15,ACTIVE,ICIBDS, , 
S4423552,TR78,0023825, , , ,2018-07-17,2020-04-14,2020-04-14,ACTIVE,ICIBFCBKN, , 
S4423552,TR81,0027346, , , ,2018-11-12,2019-12-12,2020-01-12,INACTIVE,ICIBFCENQ,E, 
S4423552,TR82,0012005, , , ,2019-02-01,2020-04-15,2020-04-15,ACTIVE,ICIBFCBKN, , 
S4423552,TR84,0027460, , , ,2018-11-14,2020-04-15,2020-04-15,ACTIVE,PBPAYMENTS,P,P
S4423552,TR85,0027464, , , ,2018-11-14,2020-04-15,2020-04-15,ACTIVE,PBPAYMENTS,P,P
S4423552,TR86,0022059, , , ,2019-02-21,2020-04-14,2020-04-14,ACTIVE,PBPAYMENTS,E,E
S4423552,TR87,0028475, , , ,2019-02-21,2020-04-15,2020-04-15,ACTIVE,PBPAYMENTS,P,P
S4423552,TR88,0015797, , , ,2019-04-11,2020-04-15,2020-04-15,ACTIVE,ICIBFCENQ, , 
S4423552,TR89,0018160, , , ,2019-04-12,2020-04-07,2020-04-07,ACTIVE,ICIBFCENQ, , 
S4423552,TSBRECONS,9999999, , , ,2019-06-10, ,2019-09-09,INACTIVE, , , 
S4423552,TSSSCHEQN,9999999, , , ,2019-06-10, ,2019-09-09,INACTIVE, , , 
S4423552,TURNESCQ,9999999, , , ,2019-12-03, ,2020-01-03,INACTIVE, , , 
S4423552,TURNOVER,9999999, , , ,2006-11-13,2020-04-12,2020-04-07,ACTIVE, , , 
S4423552,TWIRCHEAD,9999999, , , ,2019-06-10, ,2020-03-31,INACTIVE, , , 
S4423552,UP01,9999999, , , ,1992-02-13, ,2019-05-14,INACTIVE, , , 
S4423552,WCANNING,9999999, , , ,2008-06-12,2020-04-16,2020-04-16,ACTIVE, , , 
S4423552,WCANNING2,9999999, , , ,2018-06-07,2020-04-14,2020-04-14,ACTIVE, , , 
S4423552,WIRCHEAD,9999999, , , ,2019-04-10,2020-04-15,2020-04-16,INACTIVE, , , 
