<?xml version="1.0" encoding="UTF-8"?>
<!DOCTYPE IntegrationConfig PUBLIC "sailpoint.dtd" "sailpoint.dtd">
<IntegrationConfig executor="sailpoint.seri.integration.RuleBasedExecutor" name="JIRA_Integration_REST" roleSyncStyle="none">
  <Attributes>
    <Map>
      <entry key="executionType" value="rest"/>
      <entry key="statusRule" value="JIRA REST GetStatus"/>
      <entry key="manualWorkItem" value="false"/>
      <entry key="operations" value="Create,Modify,Delete,Enable,Unlock,SetPassword"/>
      <entry key="optimisticProvisioning" value="false"/>
      
      <entry key="payloadRule" value="JIRA REST Payload"/>
      <entry key="statusMap">
        <value>
          <Map>
            <entry key="To Do" value="inProcess"/>
            <entry key="Done" value="committed"/>
            <entry key="Closed" value="committed"/>
            <entry key="In Progress" value="inProcess"/>
            <entry key="Open" value="inProcess"/>
            <entry key="Resolved" value="inProcess"/>
            <entry key="Reopened" value="inProcess"/>
          </Map>
        </value>
      </entry>
      <entry key="url" value="%%JIRA_TICKET_URL%%"/>
      <entry key="statusUrl" value="%%JIRA_TICKET_STATUS_URL%%"/>
      <entry key="username" value="rest_user"/>
      <entry key="password" value="sailpoint"/>
    </Map>
  </Attributes>
  <!--  <PlanInitializer>
    <Reference class="sailpoint.object.Rule" name="OTRS_IntegrationRule"/>
  </PlanInitializer> -->
  <ManagedResources>
    <ManagedResource>
      <ApplicationRef>
        <Reference class="sailpoint.object.Application" name="Active Directory"/>
      </ApplicationRef>
    </ManagedResource>
  </ManagedResources>
</IntegrationConfig>
