<?xml version="1.0" encoding="UTF-8"?>
<!DOCTYPE Rule PUBLIC "sailpoint.dtd" "sailpoint.dtd">
<Rule language="beanshell" name="JIRA REST GetStatus" >
<Signature returnType="RequestResult">
  <Inputs>
    <Argument type="client">
      <Description>
        the http client pre created by RulebasedExecutor class
      </Description>
    </Argument>
     <Argument type="identityName">
       <Description>
          The name of the identity the rule is working on.
       </Description>
     </Argument>
    <Argument type="ticketID">
      <Description>
        The ticketID we are interested in
      </Description>
     </Argument>
     <Argument type="configParams">
       <Description>
         The Integration Config.
       </Description>
     </Argument>
     <Argument type="result">
       <Description>
         The predefined ProvisioningResult.
       </Description>
     </Argument>
  </Inputs>
  <Returns>
    <Argument type="result">
      <Description>
        A Request Result object is desirable to return the status.
      </Description>
    </Argument>
   </Returns>
</Signature>
  <Source>
  <![CDATA[
import java.io.BufferedReader;
import java.io.IOException;
import java.io.InputStreamReader;
import org.apache.http.HttpResponse;
import org.apache.http.client.ClientProtocolException;
import org.apache.http.client.methods.HttpPost;
import org.apache.http.client.methods.HttpGet;
import org.apache.http.impl.client.CloseableHttpClient;
//import org.apache.http.impl.client.DefaultHttpClient;
import org.apache.http.entity.StringEntity;
import org.apache.http.client.methods.CloseableHttpResponse;
import java.util.HashMap;
import java.util.Map;
import sailpoint.tools.JsonHelper;
import sailpoint.object.ProvisioningResult;
import sailpoint.integration.ProvisioningPlan;
import sailpoint.integration.ProvisioningPlan.AccountRequest;
import sailpoint.integration.ProvisioningPlan.AttributeRequest;
import sailpoint.integration.JsonUtil;
import java.util.regex.Matcher;
import java.util.regex.Pattern;
import java.util.Base64;
import sailpoint.object.Identity;
import java.text.SimpleDateFormat;

import com.google.gson.Gson;
import com.google.gson.JsonArray;
import com.google.gson.JsonElement;
import com.google.gson.JsonObject;
import com.google.gson.JsonParser;

import org.apache.commons.logging.Log;
import org.apache.commons.logging.LogFactory;

// Expect: org.apache.http.impl.client.CloseableHttpClient client
// Expect: java.lang.String identityName
// Expect: java.lang.String ticketID
// Expect: sailpoint.object.IntegrationConfig configParams
// Expect: sailpoint.object.ProvisioningResult result
 
Log serilog=org.apache.commons.logging.LogFactory.getLog("SERI.Rule.JIRA.Integration.Status");
serilog.debug("----Rule Start----");

serilog.debug("In Status Rule");
serilog.debug("TicketID: " + ticketID);

/*for (int i=0; i < this.variables.length; i++){
   String name = this.variables[i];
if ("transient".equals(name)) { continue; }
   Object value = eval(name);
   if (value == void)
       serilog.debug(name + " = void");
   else if (value == null)
       serilog.debug(name + " = null");
    else
       serilog.debug (name + ":" + value.getClass().getSimpleName() + " = " + value);
}*/

// Fetch the configuration parameters from the integrationConfig
String getStatusUrl = configParams.getString("statusUrl")+ "/" + ticketID;
String userName = configParams.getString("username");
String userPassword = configParams.getString("password");


// Prepare the GET request to get info on the JIRA Ticket

HttpGet get = new HttpGet(getStatusUrl);
serilog.debug("calling URL: " + getStatusUrl);

get.setHeader("Content-type", "application/json");
String authString = userName+":"+userPassword;
get.setHeader("Authorization", "Basic " + Base64.getEncoder().encodeToString(authString.getBytes()));
serilog.debug("Auth Base64:" + Base64.getEncoder().encodeToString(authString.getBytes()));

CloseableHttpResponse response=client.execute(get);

// test HTTP Code returned by the server
// 200 indicates the ticket has been read correctly
if (response.getStatusLine().getStatusCode() != 200) {
    throw new RuntimeException("Failed : HTTP error code : "
       + response.getStatusLine().getStatusCode());
}

BufferedReader br = new BufferedReader(new InputStreamReader((response.getEntity().getContent())));

String output="";
String returnedHttpContent="";
System.out.println("Output from Server .... \n");
while ((output = br.readLine()) != null) {
    returnedHttpContent += output;
}
serilog.debug("HTTP Response: " + returnedHttpContent);

// parse the response as JSON
JsonElement rootJsonObject = ((JsonElement) new JsonParser().parse(returnedHttpContent));
JsonObject jsonObject = rootJsonObject.getAsJsonObject();

// Get Status from the REST Object
String status = jsonObject.get("fields").getAsJsonObject("status").get("name").getAsString();
serilog.debug("Returned Status is: " + status);

// Map JIRA Statuses to IIQ statuses using integrationConfig mapping table
Map jiraStatuses = (Map)configParams.getAttribute("statusMap");
serilog.debug("Equivalent for " + status + " is " + jiraStatuses.get(status));
result.setStatus( (String) jiraStatuses.get(status));
result.setRequestID(ticketID);
  
//serilog.debug("Result:" + result.toXml());

// Close HTTP connection
client.getConnectionManager().shutdown();

return result;
  ]]>
  </Source>
</Rule>
