<?xml version="1.0" encoding="UTF-8"?>
<!DOCTYPE Rule PUBLIC "sailpoint.dtd" "sailpoint.dtd">
<Rule language="beanshell" name="JIRA REST Payload" >
<Signature returnType="ProvisioningResult">
  <Inputs>
    <Argument type="client">
      <Description>
        the http client pre created by RulebasedExecutor class
      </Description>
    </Argument>
    <Argument type="plan">
      <Description>
        The provisioning plan
      </Description>
     </Argument>
     <Argument type="identityName">
       <Description>
          The name of the identity the rule is working on.
       </Description>
     </Argument>
     <Argument type="configParams">
       <Description>
         The Integration Config.
       </Description>
     </Argument>
     <Argument type="result">
       <Description>
         The predefined ProvisioningResult.
       </Description>
     </Argument>
  </Inputs>
  <Returns>
    <Argument type="result">
      <Description>
        A Provisioning Result object is desirable to return the status.
      </Description>
    </Argument>
   </Returns>
</Signature>
  <Source>
    <![CDATA[
/*******
 *                                                                                      *
 * Generated: Thu Oct 20 00:52:42 CEST 2016                                             *
 * Rule: Integration Template                                                           *
 * Description: Integration Template                                                    *
 * Inputs:                                                                              *
 *     identityName - The name of the identity                                          *
 *     plan - A sailpoint.object.ProvisioningPlan representing remediation.             *
 *     integration - The integration config object.                                     *
 * Returns:                                                                             *
 ******/

import java.io.BufferedReader;
import java.io.IOException;
import java.io.InputStreamReader;
import org.apache.http.HttpResponse;
import org.apache.http.client.ClientProtocolException;
import org.apache.http.client.methods.HttpPost;
import org.apache.http.impl.client.CloseableHttpClient;
import org.apache.http.entity.StringEntity;
import org.apache.http.client.methods.CloseableHttpResponse;
import sailpoint.tools.JsonHelper;
import sailpoint.integration.RequestResult;
import sailpoint.object.ProvisioningResult;
import sailpoint.integration.ProvisioningPlan;
import sailpoint.integration.ProvisioningPlan.AccountRequest;
import sailpoint.integration.ProvisioningPlan.AttributeRequest;
import sailpoint.integration.JsonUtil;
import sailpoint.object.IntegrationConfig;


import java.util.HashMap;
import java.util.Map;
import java.util.regex.Matcher;
import java.util.regex.Pattern;
import java.util.Base64;
import sailpoint.object.Identity;
import java.text.SimpleDateFormat;


import com.google.gson.Gson;
import com.google.gson.JsonArray;
import com.google.gson.JsonElement;
import com.google.gson.JsonObject;
import com.google.gson.JsonParser;

import org.apache.commons.logging.Log;
import org.apache.commons.logging.LogFactory;

// Expect: org.apache.http.impl.client.CloseableHttpClient client
// Expect: sailpoint.integration.ProvisioningPlan plan
// Expect: java.lang.String identityName
// Expect: sailpoint.object.IntegrationConfig configParams
// Expect: sailpoint.object.ProvisioningResult result
 

Log serilog=org.apache.commons.logging.LogFactory.getLog("SERI.Rule.JIRA.Integration.Payload");
serilog.debug("----Rule Start----");

serilog.debug("In Payload Rule");
serilog.debug("IdentityName: " + identityName);

/*for (int i=0; i < this.variables.length; i++){
   String name = this.variables[i];
if ("transient".equals(name)) { continue; }
   Object value = eval(name);
   if (value == void)
       serilog.debug(name + " = void");
   else if (value == null)
       serilog.debug(name + " = null");
    else
       serilog.debug (name + ":" + value.getClass().getSimpleName() + " = " + value);
}*/

// Fetch the configuration parameters from the integrationConfig
String createTicketUrl = configParams.getString("url");
String userName = configParams.getString("username");
String userPassword = configParams.getString("password");

Identity identity = context.getObjectByName(Identity.class, identityName);
serilog.debug("Identity: " + identity);
/*if (identity != null) {
    serilog.debug(identity.toXml());
}
*/

// REST Payload is stored in the JSON template
// load it and then do the appropriate substitutions
BufferedReader reader = new BufferedReader(new FileReader ("%%restTemplateFullPath%%"));
String line = null;
StringBuilder stringBuilder = new StringBuilder();
try {
    while((line = reader.readLine()) != null) {
        stringBuilder.append(line+"\n");
    }
} finally {
    reader.close();
}

String restPayload = stringBuilder.toString();
// substitute
// %%requesterName%%
// %%identityRequestId%%
// %%identityDisplayName%%
// %%identityFirstname%%
// %%identityLastname%%
// %%identityDepartment%%
// %%location%%
// %%employeeType%%
// %%identityName%%
// %%identityEmailAddress%%
// %%managerDisplayName%%
serilog.debug("Plan: " + plan.toMap());
restPayload = restPayload.replaceAll("%%requesterName%%", (String) plan.get("requester"));
//restPayload = restPayload.replaceAll("%%identityRequestId%%", (String)plan.get("identityRequestId"));
restPayload = restPayload.replaceAll("%%identityDisplayName%%", identity.getDisplayName());
restPayload = restPayload.replaceAll("%%identityFirstname%%", identity.getFirstname());
restPayload = restPayload.replaceAll("%%identityLastname%%", identity.getLastname());
if (identity.getAttribute("department") != null) {
    restPayload = restPayload.replaceAll("%%identityDepartment%%", (String)identity.getAttribute("department"));
} else {
    restPayload = restPayload.replaceAll("%%identityDepartment%%", "");
}
if (identity.getAttribute("location") != null) {
    restPayload = restPayload.replaceAll("%%location%%", (String)identity.getAttribute("location"));
} else {
    restPayload = restPayload.replaceAll("%%location%%", "");
}
if (identity.getAttribute("employeeType") != null) {
    restPayload = restPayload.replaceAll("%%employeeType%%", (String)identity.getAttribute("employeeType"));
} else {
    restPayload = restPayload.replaceAll("%%employeeType%%", "");
}
if (identity.getManager() != null) {
    restPayload = restPayload.replaceAll("%%managerDisplayName%%", identity.getManager().getDisplayName());
} else {
    restPayload = restPayload.replaceAll("%%managerDisplayName%%", "");
}

restPayload = restPayload.replaceAll("%%identityName%%", identity.getName());
if (identity.getEmail() != null) {
    restPayload = restPayload.replaceAll("%%identityEmailAddress%%", identity.getEmail());
} else {
    restPayload = restPayload.replaceAll("%%identityEmailAddress%%", "");
}

// replace the actions needed in the template
List accountRequests = plan.getAccountRequests();
String jsonActions = "";
for (AccountRequest acctReq : accountRequests) {
    jsonActions += "Application: " + acctReq.getApplication();
    // if userID is null, replace with 'to be created'
    String userID = acctReq.getNativeIdentity();
    if (userID == null || userID.equals("")) {
        jsonActions += ", Account ID: <TO BE CREATED>";
    } else {
        jsonActions += ", Account ID: " + acctReq.getNativeIdentity();
    } 
    jsonActions += ", Action: " + acctReq.getOperation();
    jsonActions += "\\\\" +  "r" + "\\\\" + "n";
    List attributeRequests = acctReq.getAttributeRequests();
    for (AttributeRequest attrReq : attributeRequests) {
        jsonActions += "\\\\" + "t";
        jsonActions += "Attribute name: " + attrReq.getName();
        jsonActions += ", Operation: " + attrReq.getOperation();
        // escape $ in values
        if (attrReq.getValue() instanceof String) {
          String attrValue = attrReq.getValue();
          attrValue = attrValue.replaceAll("\\$", "\\\\\\$");
          jsonActions += ", Value: " + attrValue;
        }
        jsonActions += "\\\\" +  "r" + "\\\\" + "n";
    }
}
serilog.debug("jsonActions: " + jsonActions);
restPayload = restPayload.replaceAll("%%actions%%", jsonActions);

serilog.debug("Payload built OK");

serilog.debug("JSON : " + restPayload);

// Write payload to a file on the server
BufferedWriter writer = null;
SimpleDateFormat sdf = new SimpleDateFormat("yyyy-MM-dd HHmm");
String dateFile = sdf.format(new Date());
try
{
    writer = new BufferedWriter(new FileWriter("%%restOutputDirectory%%" + "/" + dateFile + "_RESTRequest.json"));
    writer.write(restPayload);

}
catch ( IOException e)
{
}
finally
{
    try
    {
       if ( writer != null)
         writer.close( );
    }
    catch ( IOException e)
    {
    }
}


HttpPost post = new HttpPost(createTicketUrl);
serilog.debug("calling URL: " + createTicketUrl);

post.setHeader("Content-type", "application/json");
String authString = userName+":"+userPassword;
post.setHeader("Authorization", "Basic " + Base64.getEncoder().encodeToString(authString.getBytes()));
serilog.debug("Auth Base64:" + Base64.getEncoder().encodeToString(authString.getBytes()));

post.setEntity(new StringEntity(restPayload));

CloseableHttpResponse response=client.execute(post);

// test HTTP Code returned by the server
// 201 indicates the ticket has been created correctly
// memorize ticket key for future polling
if (response.getStatusLine().getStatusCode() != 201) {
    throw new RuntimeException("Failed : HTTP error code : "
       + response.getStatusLine().getStatusCode());
}

BufferedReader br = new BufferedReader(new InputStreamReader((response.getEntity().getContent())));

String output="";
String returnedHttpContent="";
System.out.println("Output from Server .... \n");
while ((output = br.readLine()) != null) {
    returnedHttpContent += output;
}
serilog.debug("HTTP Response: " + returnedHttpContent);

// parse the response as JSON
JsonElement rootJsonObject = ((JsonElement) new JsonParser().parse(returnedHttpContent));
JsonObject jsonObject = rootJsonObject.getAsJsonObject();

String ticketKey = jsonObject.get("key").getAsString();
serilog.debug("Returned Key is: " + ticketKey);
  
serilog.debug("Result:" + result);
result.setRequestID(ticketKey);
result.setStatus(ProvisioningResult.STATUS_QUEUED); 

// Close HTTP connection
client.getConnectionManager().shutdown();

return result;
  ]]></Source>
</Rule>
